ID,ID1,Hatchery,Time,StartTime,EndTime,StartDate,DateTime,JulianDateTime,End,EndDate,Year,Species,Count,HumpbacksPresent,OtherPrey,Tidal_Amplitude,TrickleOrMass,ReleaseStrategy,Where Released,Source of Data,Comments,salmonSizeGRAMS,BiomassGrams,BiomassKilograms,Predators,BiomassGrams1,BiomassKilograms1,Predators1
1,18,HiddenFalls,,,,05/09/10,40307,129,,,2010,coho,283180,,,0,T,trickle release,not noted,Hatchery Information for Elena,,19.38,5488028,5488,,,,
2,19,HiddenFalls,,,,05/09/10,40307,129,,,2010,coho,283767,,,0,T,trickle release,not noted,Hatchery Information for Elena,,21.45,6086802,6087,,,,
3,20,HiddenFalls,,,,05/10/10,40308,130,,,2010,coho,282946,,,0,T,trickle release,not noted,Hatchery Information for Elena,,19.65,5559889,5560,,,,
4,21,HiddenFalls,,,,05/10/10,40308,130,,,2010,coho,275104,,,0,T,trickle release,not noted,Hatchery Information for Elena,,21.66,5958753,5959,,,,
5,22,HiddenFalls,,,,05/11/10,40309,131,,,2010,coho,282092,,,0,T,trickle release,not noted,Hatchery Information for Elena,,20.16,5686975,5687,,,,
6,23,HiddenFalls,,,,05/11/10,40309,131,,,2010,coho,86982,,,0,T,trickle release,not noted,Hatchery Information for Elena,,21.58,1877072,1877,,,,
7,39,HiddenFalls,,,,05/13/10,40311,133,,,2010,chum,5033559.75,,,0,T,"one pen released 12 hrs. 8 days May 13-17, 20-22",not noted,Hatchery Information for Elena,,2.05,10318797.5,10318.75,,,,
8,39,HiddenFalls,,,,05/14/10,40312,134,,,2010,chum,5033559.75,,,0,T,"one pen released 12 hrs. 8 days May 13-17, 20-22",not noted,Hatchery Information for Elena,,2.05,10318797.5,10318.75,,,,
9,39,HiddenFalls,,,,05/15/10,40313,135,,,2010,chum,5033559.75,,,0,T,"one pen released 12 hrs. 8 days May 13-17, 20-22",not noted,Hatchery Information for Elena,,2.05,10318797.5,10318.75,,,,
10,39,HiddenFalls,,,,05/16/10,40314,136,,,2010,chum,5033559.75,,,0,T,"one pen released 12 hrs. 8 days May 13-17, 20-22",not noted,Hatchery Information for Elena,,2.05,10318797.5,10318.75,,,,
11,39,HiddenFalls,,,,05/17/10,40315,137,,,2010,chum,5033559.75,,,0,T,"one pen released 12 hrs. 8 days May 13-17, 20-22",not noted,Hatchery Information for Elena,,2.05,10318797.5,10318.75,,,,
12,39,HiddenFalls,,,,05/20/10,40318,140,,,2010,chum,5033559.75,,,0,T,"one pen released 12 hrs. 8 days May 13-17, 20-22",not noted,Hatchery Information for Elena,,2.05,10318797.5,10318.75,,,,
13,39,HiddenFalls,,,,05/21/10,40319,141,,,2010,chum,5033559.75,,,0,T,"one pen released 12 hrs. 8 days May 13-17, 20-22",not noted,Hatchery Information for Elena,,2.05,10318797.5,10318.75,,,,
14,39,HiddenFalls,,,,05/22/10,40320,142,,,2010,chum,5033559.75,,,0,T,"one pen released 12 hrs. 8 days May 13-17, 20-22",not noted,Hatchery Information for Elena,,2.05,10318797.5,10318.75,,,,
15,24,HiddenFalls,,,,05/25/10,40323,145,,,2010,coho,188948,,,0,T,trickle release,not noted,Hatchery Information for Elena,,23.39,4419494,4419,,,,
16,25,HiddenFalls,,,,05/26/10,40324,146,,,2010,coho,186754,,,0,M,pens were towed out to north point due to whale,north point,Hatchery Information for Elena,,21.87,4084310,4084,,,,
17,26,HiddenFalls,,,,05/26/10,40324,146,,,2010,coho,190666,,,0,M,pens were towed out to north point due to whale,north point,Hatchery Information for Elena,,22.73,4333838,4334,,,,
18,27,HiddenFalls,,,,05/28/10,40326,148,,,2010,Chinook,75117,,,0,M,released in afternoon net pulled,not noted,Hatchery Information for Elena,,69.8,5243167,5243,,,,
19,28,HiddenFalls,,,,05/28/10,40326,148,,,2010,Chinook,76894,,,0,M,released in the evening-net pulled,not noted,Hatchery Information for Elena,,69.8,5367201,5367,,,,
20,29,HiddenFalls,,,,05/29/10,40327,149,,,2010,Chinook,77687,,,0,M,released in the afternoon-net pulled,not noted,Hatchery Information for Elena,,69.8,5422553,5423,,,,
21,30,HiddenFalls,,,,05/29/10,40327,149,,,2010,Chinook,74215,,,0,M,released in the evening-net pulled,not noted,Hatchery Information for Elena,,68.71,5099313,5099,,,,
22,31,HiddenFalls,,,,05/30/10,40328,150,,,2010,Chinook,114439,,,0,M,released in the afternoon-net pulled,not noted,Hatchery Information for Elena,,75.33,8620690,8621,,,,
23,32,HiddenFalls,,,,05/30/10,40328,150,,,2010,Chinook,99693,,,0,M,released in the evening-net pulled,not noted,Hatchery Information for Elena,,69.8,6958571,6959,,,,
24,33,HiddenFalls,,,,05/31/10,40329,151,,,2010,Chinook,109705,,,0,M,released in the afternoon-net pulled,not noted,Hatchery Information for Elena,,67.37,7390826,7391,,,,
25,36,HiddenFalls,,,,05/31/10,40329,151,,,2010,Chinook,103923,,,0,M,released in the evening-net pulled,not noted,Hatchery Information for Elena,,69.8,7253825,7254,,,,
26,34,HiddenFalls,,,,06/01/10,40330,152,,,2010,Chinook,105264,,,0,M,released in the afternoon-net pulled,not noted,Hatchery Information for Elena,,69.65,7331638,7332,,,,
27,35,HiddenFalls,,,,06/01/10,40330,152,,,2010,Chinook,103025,,,0,M,released in the afternoon-net pulled,not noted,Hatchery Information for Elena,,68.04,7009821,7010,,,,
28,37,LittlePortWalter,,,,05/19/10,40317,139,,,2010,Chinook,237700,,,0,M,released into the inner bay of LPW,not noted,"Adrian Celewycz via Frank thrower.  Email ""Little Port Release data""",,18.1,4302370,4302,,,,
29,11,MistCove,,,,05/12/10,40310,132,,,2010,coho,44589,,,0,M,Mass release after dark,not noted,Hatchery Information for Elena,no whales observed,13.6,606410,606,,,,
30,12,MistCove,,,,05/19/10,40317,139,,,2010,coho,175538,,,0,T,Trickle release over 24 hrs,not noted,Hatchery Information for Elena,no whales observed,15.4,2703285,2703,,,,
31,269,MistCove,,,,05/24/10,40322,144,,,2010,coho,116898,,,0,T,trickle,Mist Cove,Email from Carrington Gorman 8/19,at night,21.548,2518918,2519,,,,
32,13,MistCove,,,,05/25/10,40323,145,,,2010,coho,295512,,,0,T,Trickle release over 36 hrs,not noted,Hatchery Information for Elena,no whales observed,15.5,4580436,4580,,,,
33,14,MistCove,,,,06/04/10,40333,155,,,2010,coho,451100,,,0,T,"Trickle release over 72+ hrs,june 2,3,4,5",not noted,Hatchery Information for Elena,no whales observed,16.5,7443150,7443,,,,
34,15,MistCove,,,,06/11/10,40340,162,,,2010,coho,85439,,,0,T,"Trickle release over 72+ hrs june 11,12,13",not noted,Hatchery Information for Elena,no whales observed,16.3,1392656,1393,,,,
35,16,MistCove,,,,06/11/10,40340,162,,,2010,coho,24000,,,0,,no specific release strategy 14-19,not noted,Hatchery Information for Elena,released over the enxt 4 weeks with no specific release dates or strategy.  No release weight noted.  Calculated biomass using weight of previous release,16.3,391200,391,,,,
36,5,PortArmstrong,,,,04/27/10,40295,117,,,2010,chum,9110757,,,,M,Mass,not noted,Hatchery Information for Elena,none,1.34,12208414,12208,,,,
37,6,PortArmstrong,,,,04/27/10,40295,117,,,2010,chum,18185719,,1,0,M,Mass,not noted,Hatchery Information for Elena,none,1.14,20731720,20732,,,,
38,42,PortArmstrong,,,,04/29/10,40297,119,,,2010,pink,53677075,,,0,,,not noted,Email with Port Armstrong. Subject: another question,none,0.49,26301767,26302,,,,
39,9,PortArmstrong,,,,05/08/10,40306,128,,,2010,coho,289962,,,0,,not noted,not noted,Hatchery Information for Elena,none,20.4,5915225,5915,,,,
40,41,PortArmstrong,,,,05/08/10,40306,128,,,2010,Chinook,126376,,,0,,,not noted,Email with Port Armstrong. Subject: another question,,50.2,6344075,6344,,,,
41,10,PortArmstrong,,,,05/17/10,40315,137,,,2010,Chinook,149722,,,0,,not noted,not noted,Hatchery Information for Elena,none,13.1,1961358,1961,,,,
42,43,PortArmstrong,,,,05/17/10,40315,137,,,2010,coho,315537,,,0,,,,,,16.46,5193739,5194,,,,
43,44,PortArmstrong,,,,05/22/10,40320,142,,,2010,coho,310601,,,0,,,not noted,Email with Port Armstrong.  Subject: Coho Releases,none,16.46,5112492,5112,,,,
44,45,PortArmstrong,,,,05/23/10,40321,143,,,2010,coho,954903,,,0,,,not noted,Email with Port Armstrong.  Subject: Coho Releases,none,16.46,15717703,15718,,,,
45,46,PortArmstrong,,,,05/25/10,40323,145,,,2010,coho,621595,,,0,,,not noted,Email with Port Armstrong.  Subject: Coho Releases,none,16.46,10231454,10231,,,,
46,47,PortArmstrong,,,,05/27/10,40325,147,,,2010,coho,731269,,,0,,,not noted,Email with Port Armstrong.  Subject: Coho Releases,,16.46,12036688,12037,,,,
47,17,Takatz,,,,05/24/10,40322,144,,,2010,chum,5577025.286,,,0,T,Trickle over 7 days (24-30),not noted,Hatchery Information for Elena,"Emphasis on outgoing tide, first two days. May 28th ""one whale feeding inside the bay""",2.11,11767523.29,11767.57143,,,,
48,17,Takatz,,,,05/25/10,40323,145,,,2010,chum,5577025.286,,,0,T,Trickle over 7 days (24-30),not noted,Hatchery Information for Elena,"Emphasis on outgoing tide, first two days. May 28th ""one whale feeding inside the bay""",2.11,11767523.29,11767.57143,,,,
49,17,Takatz,,,,05/26/10,40324,146,,,2010,chum,5577025.286,,,0,T,Trickle over 7 days (24-30),not noted,Hatchery Information for Elena,"Emphasis on outgoing tide, first two days. May 28th ""one whale feeding inside the bay""",2.11,11767523.29,11767.57143,,,,
50,17,Takatz,,,,05/27/10,40325,147,,,2010,chum,5577025.286,,,0,T,Trickle over 7 days (24-30),not noted,Hatchery Information for Elena,"Emphasis on outgoing tide, first two days. May 28th ""one whale feeding inside the bay""",2.11,11767523.29,11767.57143,,,,
51,17,Takatz,,,,05/28/10,40326,148,,,2010,chum,5577025.286,,,0,T,Trickle over 7 days (24-30),not noted,Hatchery Information for Elena,"Emphasis on outgoing tide, first two days. May 28th ""one whale feeding inside the bay""",2.11,11767523.29,11767.57143,,,,
52,17,Takatz,,,,05/29/10,40327,149,,,2010,chum,5577025.286,,,0,T,Trickle over 7 days (24-30),not noted,Hatchery Information for Elena,"Emphasis on outgoing tide, first two days. May 28th ""one whale feeding inside the bay""",2.11,11767523.29,11767.57143,,,,
53,17,Takatz,,,,05/30/10,40328,150,,,2010,chum,5577025.286,,,0,T,Trickle over 7 days (24-30),not noted,Hatchery Information for Elena,"Emphasis on outgoing tide, first two days. May 28th ""one whale feeding inside the bay""",2.11,11767523.29,11767.57143,,,,
54,59,HiddenFalls,,,,05/06/11,40669,126,,,2011,coho,283479,,,0,T,Trickle,Kasnyku Bay,Hidden Falls data release forms - Mamie,"Eagles, Sea birds, seals and porpoise present",21.79,6177007,6177,,,,
55,60,HiddenFalls,,,,05/06/11,40669,126,,,2011,coho,270281,,,0,T,Trickle,Kasnyku Bay,Hidden Falls data release forms - Mamie,"Eagles, sea birds, seals and porpoise present",21.74,5875909,5876,,,,
56,61,HiddenFalls,,,,05/07/11,40670,127,,,2011,coho,280827,,,0,T,Tickle,Kasnyku Bay,Hidden Falls data release forms - Mamie,"Eagles, Sea birds and Seals",22.61,6349498,6349,,,,
57,62,HiddenFalls,,,,05/07/11,40670,127,,,2011,coho,282248,,,0,T,Trickle,Kasnyku Bay,Hidden Falls data release forms - Mamie,"Eagles, Sea Birds and Seals present",20.22,5707055,5707,,,,
58,55,HiddenFalls,,,,05/08/11,40671,128,,,2011,coho,278428,,,0,T,Trickle,Kasnyku Bay,Hidden Falls Data release forms - Mamie,"Eagles, Sea birds and seals present",21.73,6050240,6050,,,,
59,56,HiddenFalls,,,,05/12/11,40675,132,,,2011,coho,309165,,,0,M,Mass,Kasnyku Bay,Hidden Falls data release forms - Mamie,"Eagles, Sea Birds and Seals present",22.24,6875830,6876,,,,
60,57,HiddenFalls,,,,05/13/11,40676,133,,,2011,Chinook,56302,,,0,T,Trickle (count),Kasnyku Bay,Hidden Falls data release forms - Mamie,none,50.58,2847755.16,2847.75516,,,,
61,58,HiddenFalls,,,,05/13/11,40676,133,,,2011,coho,297512,,,0,T,Trickle,Kasnyku Bay,Hidden Falls data release forms - Mamie,none,21.9,6515513,6516,,,,
62,51,HiddenFalls,,,,05/14/11,40677,134,,,2011,Chinook,65706,,,0,T,"count out 1/2, trickle out 1/2",Kasnyku,Hidden Falls data release forms - Mamie,none,50.42,3312897,3313,,,,
63,52,HiddenFalls,,,,05/15/11,40678,135,,,2011,coho,243451,,,0,M,Mass,North Point/Kasnyku Bay,Hidden Falls data release forms - Mamie,"Towed to North Point, Kasnyku Bay. Whales present;towed for release",20.75,5051608,5052,,,,
64,53,HiddenFalls,,,,05/15/11,40678,135,,,2011,Chinook,71491,,,0,M,Mass,North Point Kasnyku Bay,Hidden Falls data release forms - Mamie,"Towed to North Point, Kasnyku Bay. Whales present, towed for release",51.8,3703234,3703,,,,
65,48,HiddenFalls,,,,05/16/11,40679,136,,,2011,Chinook,62790,,,0,M,Tow/Mass,North Point,Hidden Falls data realease forms - Mamie,none,51.22,3216104,3216,,,,
66,54,HiddenFalls,,,,05/16/11,40679,136,,,2011,Chinook,71784,,,0,M,Tow/Mass,North Point/Kasnyku Bay,Hidden Falls data release forms - Mamie,none,50.9,3653806,3654,,,,
67,49,HiddenFalls,,,,05/17/11,40680,137,,,2011,Chinook,70826,,,0,M,Tow/Mass,North Point,Hidden Falls data release forms - Mamie,none,51.78,3667370,3667,,,,
68,50,HiddenFalls,,,,05/17/11,40680,137,,,2011,Chinook,66397,,,0,M,Tow/Mass,North Point,Hidden Falls data release forms - Mamie,none,57.23,3799900,3800,,,,
69,63,HiddenFalls,,,,05/18/11,40681,138,,,2011,Chinook,69586,,,0,M,Tow/Mass,North Point,Hidden Falls data release forms - Mamie,none,60.62,4218303,4218,,,,
70,65,HiddenFalls,,,,05/20/11,40683,140,,,2011,chum,2369775,,,0,M,Tow/Mass,North Point,Hidden Falls data release forms - Mamie,push pens to release location. Whales present in area; released off of North Point to aid in dispersion,2.18,5166110,5166,,,,
71,66,HiddenFalls,,,,05/20/11,40683,140,,,2011,chum,2425028,,,0,M,Tow/Mass,North Point,Hidden Falls data release forms - Mamie,none,2.12,5141059,5141,,,,
72,67,HiddenFalls,,,,05/21/11,40684,141,,,2011,chum,2363669,,,0,M,Tow/Mass,North Point,Hidden Falls data release forms - Mamie,none,2.11,4987342,4987,,,,
73,68,HiddenFalls,,,,05/21/11,40684,141,,,2011,chum,2427004,,,0,M,Tow/Mass,North Point,Hidden Falls data release forms - Mamie,none,2.21,5363679,5364,,,,
74,72,HiddenFalls,,,,05/21/11,40684,141,,,2011,chum,2395280,,,0,M,Tow/Mass,North Point,Hidden Falls data release forms - Mamie,none,2.21,5293569,5294,,,,
75,69,HiddenFalls,,,,05/22/11,40685,142,,,2011,chum,2459818,,,0,M,Tow/Mass,North Point,Hidden Falls data release forms - Mamie,none,2.15,5288609,5289,,,,
76,70,HiddenFalls,,,,05/22/11,40685,142,,,2011,chum,2349530,,,0,M,Tow/Mass,North Point,Hidden Falls data release forms - Mamie,none,2.15,5051490,5051,,,,
77,71,HiddenFalls,,,,05/23/11,40686,143,,,2011,chum,2273219,,,0,M,Tow/Mass,North Point,Hidden Falls data release forms - Mamie,none,2.17,4932885,4933,,,,
78,73,HiddenFalls,,,,05/24/11,40687,144,,,2011,chum,2225991,,,0,M,Tow/Mass,North Point,Hidden Falls data release forms - Mamie,none,2.14,4763621,4764,,,,
79,74,HiddenFalls,,,,05/24/11,40687,144,,,2011,chum,2333165,,,0,M,Tow/Mass,North Point,Hidden Falls data release forms - Mamie,none,2.19,5109631,5110,,,,
80,75,HiddenFalls,,,,05/25/11,40688,145,,,2011,chum,2396403,,,0,M,Tow/Mass,North Point,Hidden Falls data release forms - Mamie,none,2.17,5200195,5200,,,,
81,76,HiddenFalls,,,,05/25/11,40688,145,,,2011,chum,2428645,,,0,M,Tow/Mass,North Point,Hidden Falls data release forms - Mamie,none,2.2,5343019,5343,,,,
82,77,HiddenFalls,,,,05/26/11,40689,146,,,2011,chum,2352844,,,0,M,Tow/Mass,North Point,Hidden Falls data release forms - Mamie,none,2.16,5082143,5082,,,,
83,78,HiddenFalls,,,,05/26/11,40689,146,,,2011,chum,2335394,,,0,M,Tow/Mass,North Point,Hidden Falls data release forms - Mamie,none,2.09,4880973,4881,,,,
84,64,HiddenFalls,,,,05/27/11,40690,147,,,2011,coho,803105,,,0,M,Mass Towed,North Point,Hidden Falls data release forms - Mamie,none,22.14,17780745,17781,,,,
85,79,HiddenFalls,,,,05/27/11,40690,147,,,2011,chum,2254895,,,0,M,Mass Towed,North Point,Hidden Falls data release forms - Mamie,none,2.21,4983318,4983,,,,
86,80,HiddenFalls,,,,05/27/11,40690,147,,,2011,chum,2210034,,,0,M,Mass Towed,North Point,Hidden Falls data release forms - Mamie,none,2.23,4928376,4928,,,,
87,93,LittlePortWalter,16:30-17:00,16:30:00,17:00:00,05/17/11,40680.69,137.69,40680.71,5/17/2011,2011,Chinook,180000,none,none,0,M,mass,off float,Little Port water data release forms- Ellen,none,22,3960000,3960,none,,,
88,94,MistCove,20:00,20:00:00,20:00:00,05/17/11,40680.83,137.83,40680.83,5/17/2011,2011,coho,131266,none observed for days,few misc salmon smolt present,0,T,trickle,Back of Mist Cove,Mist Cove data release forms -Ellen,"6 trollers present in cove along with 1-70 passanger cruise ship with numerous boats cruising the area MASS NOT NOTED,  mass averaged from all Mist Cove observations",19.28,2530808.48,2530.80848,none,,,
89,95,MistCove,19:00,19:00:00,19:00:00,05/25/11,40688.79,145.79,40688.79,5/25/2011,2011,coho,158883,none observed,"previously released coho and other smolts, krill a",0,T,trickle,Back of Mist Cove,Mist Cove data release forms-Ellen,"3 trollers anchored in cove   MASS NOT NOTED,  mass averaged from all Mist Cove observations",19.28,3063264.24,3063.26424,a few gulls,,,
90,98,PortArmstrong,13:00-15:00,13:00:00,15:00:00,05/03/11,40666.54,123.54,40666.63,5/3/2011,2011,pink,27373543,none,none,0,M,mass,by pens,Port Armstrong release forms- Ellen,skiff used to go to pens,0.49,13413036,13413,1 harbor seal ~30 gulls,,,
91,99,PortArmstrong,09:00-10:00,9:00:00,10:00:00,05/04/11,40667.38,124.38,40667.42,5/4/2011,2011,pink,20438448,no whales around,none,0,M,mass,inside bay,Port Armstrong release forms- Ellen,skiff used to go to pens,0.47,9606071,9606,,,,
92,100,PortArmstrong,16:00-17:00,16:00:00,17:00:00,05/07/11,40670.67,127.67,40670.71,5/7/2011,2011,pink,27694087,no whales around,none,0,M,mass,inside bay,Port Armstrong release forms- Ellen,skiff used to go to pens,0.48,13293162,13293,~20 seagulls,,,
93,101,PortArmstrong,16:00-17:00,16:00:00,17:00:00,05/07/11,40670.67,127.67,40670.71,5/7/2011,2011,chum,28444881,no whales around,none,0,M,mass,inside bay,Port Armstrong release forms- Ellen,skiff used to go to pens,1.34,38116141,38116,20 gulls,,,
94,102,PortArmstrong,13:00-13:30,13:00:00,13:30:00,05/15/11,40678.54,135.54,40678.56,5/15/2011,2011,Chinook,120458,no whales around,none,0,M,mass,isnide Bay,Port Armstrong release forms- Ellen,skiff used to go to pens,16.05,1933351,1933,"5 gulls, 10 sea birds",,,
95,103,PortArmstrong,15:00-15:30,15:00:00,15:30:00,05/15/11,40678.63,135.63,40678.65,5/15/2011,2011,Chinook,129980,no whales,none,0,M,mass,inside bay,Port Armstrong release forms- Ellen,skiff used to go to pens,44,5719120,5719,"5 gulls, 10 sea birds",,,
96,104,PortArmstrong,15:00-15:30,15:00:00,15:30:00,05/15/11,40678.63,135.63,40678.65,5/15/2011,2011,coho,259033,no whales,none,0,M,mass,inside bay,Port Armstrong release forms- Ellen,skiff used to go to pens,20.5,5310176,5310,"5 gulls, 20 sea birds",,,
97,105,PortArmstrong,15:00-17:00,15:00:00,17:00:00,05/18/11,40681.63,138.63,40681.71,5/18/2011,2011,coho,519981,no whales,none,0,M,mass,inside bay,Port Armstrong release forms- Ellen,skiff used,16.95,8813678,8814,"3 gulls, 5 seabirds, 1 seals",,,
98,106,PortArmstrong,15:00-17:00,15:00:00,17:00:00,05/21/11,40684.63,141.63,40684.71,5/21/2011,2011,coho,222015,no whales,none,0,M,mass,inside bay,Port Armstrong release forms- Ellen,skiff used,17.1,3796457,3796,"3 gulls, 3 seabirds, 1 seal",,,
99,107,PortArmstrong,09:30-10:00,9:30:00,10:00:00,05/27/11,40690.4,147.4,40690.42,5/27/2011,2011,coho,755825,no whales,none,0,M,mass,inside bay,Port Armstrong release forms- Ellen,skiff sued,19.6,14814170,14814,1 eagle,,,
100,81,Takatz,14:00-19:00,14:00:00,19:00:00,05/29/11,40692.58,149.58,40692.79,5/29/2011,2011,chum,2838595,YES,"various salmon fry, needlefish, herring",0,T,Trickle,Takatz Bay,Takatz data release forms - Mamie,1 Whale looped through bay early AM. We had to wait until afternoon to tricle fish out of pen,2.07,5875892,5876,"gulls, eagles, 1 seal",,,
101,82,Takatz,23:30-07:00,23:30:00,7:00:00,05/29/11,40692.98,149.98,40693.29,5/30/2011,2011,chum,2806431,,"various salmon fry, needlefish, herring",0,T,Trickle,Takatz Bay,Takatz Bay data release forms - Mamie,overnight,2.09,5865441,5865,"gulls, eagles, 1 seal",,,
102,84,Takatz,0:00-7:00,0:00:00,7:00:00,05/30/11,40693,150,40693.29,5/30/2011,2011,chum,2569511,,"various salmon fry, needlefish, herring",0,T,Trickle,Takatz Bay,Takatz Bay data release forms - Mamie,overnight,2.12,5447363,5447,"1 seal, mink, birds",,,
103,83,Takatz,13:45-19:00,13:45:00,19:00:00,05/30/11,40693.57,150.57,40693.79,5/30/2011,2011,chum,2783219,none,"various salmon fry, needlefish, herring",0,T,Trickle,Takatz Bay,Takatz Bay data release forms - Mamie,none,2.04,5677767,5678,"gulls, eagles, 1 seal, 1 river otter",,,
104,86,Takatz,0:00-not noted,0:00:00,,05/31/11,40694,151,40694,5/31/2011,2011,chum,2774696,,"various salmon fry, needlefish, herring",0,T,Trickle,Takatz Bay,Takatz Bay data release forms - Mamie,none,2.12,5882356,5882,"1 seal, mink, birds",,,
105,85,Takatz,14:00-19:00,14:00:00,19:00:00,05/31/11,40694.58,151.58,40694.79,5/31/2011,2011,chum,2801917,,"various salmon fry, needlefish, herring",0,T,Trickle,Takatz Bay,Takatz Bay data release forms - Mamie,none,2.11,5912045,5912,"1 seal, mink, birds",,,
106,87,Takatz,14:30- not noted,14:30:00,,06/01/11,40695.6,152.6,40696,6/2/2011,2011,chum,5497337,not noted,not noted,0,T,Trickle,Takatz,Takatz Bay data release forms - Mamie,Size not noted.  Estimated with a linear regression of 2011 chum masses against Julien Day  (SalmonSize = 0.1464*(JulienDay)-20.04),2.29825,12634254.76,12634.25476,not noted,,,
107,89,Takatz,14:30-19:00,14:30:00,19:00:00,06/02/11,40696.6,153.6,40696.79,6/2/2011,2011,chum,5518438,not noted,"herring, fry",0,T,Trickle,Takatz Bay,Takatz Bay data release forms - Mamie,none,2.04,11257614,11258,"birds, seal",,,
108,90,Takatz,24:00-06:00,0:00:00,6:00:00,06/02/11,40697,154,40697.25,6/3/2011,2011,chum,2715521,not noted,"herring, fry",0,T,Trickle,Takatz,Takatz Bay data release forms - Mamie,none,1.94,5268111,5268,"seal, birds",,,
109,91,Takatz,10:00-11:00,10:00:00,11:00:00,06/07/11,40701.42,158.42,40701.46,6/7/2011,2011,chum,2932763,none,"herring, fry",0,M,Mass,Takatz,Takatz Bay data release forms -  Mamie,none,3.16,9267531,9268,sea birds,,,
110,92,Takatz,11:30-14:30,11:30:00,14:30:00,06/12/11,40706.48,163.48,40706.6,6/12/2011,2011,chum,2841665,"seals, sea birds","herring, coho, dolly varden, smolt",0,M,Mass,Takatz,Takatz Bay data release forms - Mamie,drug nets to barge for removal,4.19,11906576,11907,"seals, sea birds",,,
111,88,Takatz,10:00-13:00,10:00:00,13:00:00,06/13/11,40707.42,164.42,40707.54,6/13/2011,2011,chum,2820730,none,"chum fry, herring",0,M,Mass,Takatz,Takatz Bay data release forms - Mamie,none,3.99,11254713,11255,"seal, seabirds, otter",,,
112,108,HiddenFalls,08:00-1:00,8:00:00,13:00:00,05/04/12,41033.33,125.33,41033.54,5/4/2012,2012,coho,201328,no whales,not noted,0,T,trickle,at chinook complex,Hidden Falls release forms-Ellen,none,23.8,4791606,4792,"sea gulls, eagles, seal",,,
113,110,HiddenFalls,08:30-03:00,8:30:00,3:00:00,05/05/12,41034.35,126.35,41035.13,5/6/2012,2012,coho,187071,no whales,none,0,T,trickle,at chinook complex,Hidden Falls release forms-Ellen,none,21.7,4059441,4059,"sea gulls, eagles",,,
114,109,HiddenFalls,16:30-08:30,16:30:00,8:30:00,05/05/12,41034.69,126.69,41035.35,5/6/2012,2012,coho,175477,no whales,none,0,T,trickle,at chinook complex,Hidden Falls release forms-Ellen,none,23.8,4176353,4176,"sea gulls, eagles, seal",,,
115,112,HiddenFalls,16:30-08:30,16:30:00,8:30:00,05/07/12,41036.69,128.69,41037.35,5/8/2012,2012,Chinook,105322,no whales,coho,0,T,trickle,at chinook complex,Hidden Falls release forms-Ellen,none,21.7,2285487,2285,"sea gulls, eagles, otter, seal",,,
116,113,HiddenFalls,17:00-08:30,17:00:00,8:30:00,05/07/12,41036.71,128.71,41037.35,5/8/2012,2012,Chinook,82238,no whales,coho,0,T,trickle,at chinook complex,Hidden Falls release forms-Ellen,none,68.41,5625902,5626,"sea gulls, eagles, otter, seal",,,
117,115,HiddenFalls,11:00-16:00,11:00:00,16:00:00,05/08/12,41037.46,129.46,41037.67,5/8/2012,2012,Chinook,94669,no whales,coho,0,T,trickle,at chinook complex,Hidden Falls release forms-Ellen,none,60.65,5741675,5742,"sea gulls, cormorant, seal",,,
118,114,HiddenFalls,18:30-08:30,18:30:00,8:30:00,05/08/12,41037.77,129.77,41038.35,5/9/2012,2012,Chinook,93261,no whales,coho,0,T,trickle,at chinook complex,Hidden Falls release forms-Ellen,none,57.73,5383958,5384,"sea gulls, cormorant, seal",,,
119,116,HiddenFalls,15:15-08:30,15:15:00,8:30:00,05/09/12,41038.64,130.64,41039.35,5/10/2012,2012,Chinook,67871,no whales,coho,0,T,trickle,at chinook complex,Hidden Falls release forms-Ellen,none,60.65,4116376,4116,"sea gulls, eagle, otter",,,
120,117,HiddenFalls,17:00-08:00,17:00:00,8:00:00,05/10/12,41039.71,131.71,41040.33,5/11/2012,2012,Chinook,79831,no whales,coho,0,T,trickle,at chinook complex,Hidden Falls release forms-Ellen,none,61.73,4927968,4928,sea gull,,,
121,118,HiddenFalls,12:30-08:00,12:30:00,8:00:00,05/12/12,41041.52,133.52,41042.33,5/13/2012,2012,coho,38021,no whales,chinook,0,T,trickle,at chinook complex,Hidden Falls release forms-Ellen,none,19.44,739128,739,"sea gulls, cormorant, seal",,,
122,119,HiddenFalls,15:15-08:00,15:15:00,8:00:00,05/12/12,41041.64,133.64,41042.33,5/13/2012,2012,coho,85114,no whales,chinook,0,T,trickle,at chinook complex,Hidden Falls release forms-Ellen,none,17.12,1457152,1457,"seagull,  eagle, cormorant",,,
123,120,HiddenFalls,14:00-14:15,14:00:00,14:15:00,05/13/12,41042.58,134.58,41042.59,5/13/2012,2012,coho,63955,no whales,chinook,0,M,mass,at chinook complex,Hidden Falls release forms-Ellen,not noted,18.93,1210668,1211,not noted,,,
124,121,HiddenFalls,16:30-16:00,16:30:00,16:00:00,05/14/12,41043.69,135.69,41044.67,5/15/2012,2012,coho,194420,no whales,chinook,0,T,trickle,at chinook pens,Hidden Falls release forms-Ellen,not noted,22.2,4316124,4316,seal,,,
125,122,HiddenFalls,08:00-12:00,8:00:00,12:00:00,05/15/12,41044.33,136.33,41044.5,5/15/2012,2012,coho,191685,no whales,"chinook, chum",0,M,mass,at chinook pens,Hidden Falls release forms-Ellen,not noted,22.2,4255407,4255,seal,,,
126,123,HiddenFalls,20:30-08:00,20:30:00,8:00:00,05/15/12,41044.85,136.85,41045.33,5/16/2012,2012,coho,178895,no whales,"chinook, chum",0,T,trickle,at chinook pens,Hidden Falls release forms-Ellen,not noted,22.8,4078806,4079,seal,,,
127,124,HiddenFalls,08:00-12:00,8:00:00,12:00:00,05/16/12,41045.33,137.33,41045.5,5/16/2012,2012,coho,176212,no whales,"chinook, chum",0,T,trickle,at chinook pens,Hidden Falls release forms-Ellen,not noted,21.8,3841422,3841,seal,,,
128,146,HiddenFalls,10:30-15:30,10:30:00,10:30:00,05/18/12,41047.44,139.44,41047.44,5/18/2012,2012,chum,2663944,no whales,not noted,0,T,trickle,chum complex,Hidden Falls release forms-Ellen,not noted,1.8,4795099,4795,"gulls, seals",,,
129,148,HiddenFalls,10:30-15:30,10:30:00,10:30:00,05/18/12,41047.44,139.44,41047.44,5/18/2012,2012,chum,2663944,no whales,not noted,0,T,trickle,chum complex,Hidden Falls release forms-Ellen,not noted,1.8,4795099,4795,"gulls, seals",,,
130,149,HiddenFalls,20:30-08:00,20:30:00,20:30:00,05/18/12,41047.85,139.85,41047.85,5/18/2012,2012,chum,2723097,no whales,not noted,0,T,trickle,chum complex,Hidden Falls release forms-Ellen,not noted,1.82,4956037,4956,"gulls, seals",,,
131,150,HiddenFalls,10:00-16:00,10:00:00,10:00:00,05/19/12,41048.42,140.42,41048.42,5/19/2012,2012,chum,2690246,no whales,not noted,0,T,trickle,chum complex,Hidden Falls release forms-Ellen,not noted,1.8,4842443,4842,"gulls, seals",,,
132,142,HiddenFalls,20:10-08:00,20:10:00,8:00:00,05/19/12,41048.84,140.84,41049.33,5/20/2012,2012,chum,2730979,no whales,not noted,0,T,trickle,chum complex,Hidden Falls release forms-Ellen,not noted,1.81,4943072,4943,"gulls, seals",,,
133,151,HiddenFalls,20:10-08:00,20:10:00,20:10:00,05/19/12,41048.84,140.84,41048.84,5/19/2012,2012,chum,2730979,no whales,not noted,0,T,trickle,chum complex,Hidden Falls release forms-Ellen,not noted,1.8,4915762,4916,"gulls, seals",,,
134,144,HiddenFalls,,0:00:00,0:00:00,05/20/12,41049,141,41049,5/20/2012,2012,chum,2311910,no whales,not noted,0,T,trickle,chum complex,Hidden Falls release forms-Ellen,not noted,1.84,4253914,4254,"gulls, seals",,,
135,143,HiddenFalls,8:30,8:30:00,8:30:00,05/20/12,41049.35,141.35,41049.35,5/20/2012,2012,chum,2478940,no whales,not noted,0,T,trickle,chum complex,Hidden Falls release forms-Ellen,not noted,1.82,4511671,4512,"gulls, seals",,,
136,153,HiddenFalls,8:30,8:30:00,8:30:00,05/20/12,41049.35,141.35,41049.35,5/20/2012,2012,chum,2478940,no whales,not noted,0,T,trickle,chum complex,Hidden Falls release forms-Ellen,not noted,1.82,4511671,4512,"gulls, seals",,,
137,135,HiddenFalls,08:30-13:00,8:30:00,13:00:00,05/21/12,41050.35,142.35,41050.54,5/21/2012,2012,chum,2720406,no whales,not noted,0,T,trickle,chum complex,Hidden Falls release forms-Ellen,not noted,2.04,5549628,5550,not noted,,,
138,136,HiddenFalls,20:00-08:30,20:00:00,8:30:00,05/21/12,41050.83,142.83,41051.35,5/22/2012,2012,chum,2658993,no whales,not noted,0,T,trickle,chum complex,Hidden Falls release forms-Ellen,not noted,2.06,5477526,5478,not noted,,,
139,137,HiddenFalls,08:00-13:30,8:00:00,13:30:00,05/22/12,41051.33,143.33,41051.56,5/22/2012,2012,chum,2662796,no whales,not noted,0,T,trickle,chum complex,Hidden Falls release forms-Ellen,not noted,1.95,5192452,5192,not noted,,,
140,132,HiddenFalls,20:30-08:30,20:30:00,8:30:00,05/22/12,41051.85,143.85,41052.35,5/23/2012,2012,chum,2482114,no whales,not noted,0,T,trickle,chum complex,Hidden Falls release forms-Ellen,not noted,1.96,4864943,4865,seal,,,
141,140,HiddenFalls,08:30-13:00,8:30:00,13:00:00,05/23/12,41052.35,144.35,41052.54,5/23/2012,2012,chum,2659210,no whales,not noted,0,T,trickle,chum complex,Hidden Falls release forms-Ellen,not noted,2.06,5477973,5478,not noted,,,
142,134,HiddenFalls,20:30-11:00,20:30:00,11:00:00,05/23/12,41052.85,144.85,41053.46,5/24/2012,2012,chum,2501295,no whales,not noted,0,T,trickle,chum complex,Hidden Falls release forms-Ellen,not noted,2.08,5202694,5203,not noted,,,
143,125,HiddenFalls,11:00-11:00,11:00:00,11:00:00,05/25/12,41054.46,146.46,41054.46,5/25/2012,2012,coho,172306,no whales,"chinook, chum",0,T,trickle,at chinook pens,Hidden Falls release forms-Ellen,not noted,24.3,4187036,4187,seal,,,
144,126,HiddenFalls,11:15-11:15,11:15:00,11:15:00,05/25/12,41054.47,146.47,41054.47,5/25/2012,2012,coho,186143,no whales,not noted,0,M,mass,at chinook pens,Hidden Falls release forms-Ellen,tow for release,24,4467432,4467,"seals, sea lions",,,
145,127,HiddenFalls,12:00-12:30,12:00:00,12:30:00,05/26/12,41055.5,147.5,41055.52,5/26/2012,2012,coho,358147,no whales,not noted,0,M,mass,at chinook pens,Hidden Falls release forms-Ellen,tow for release,23.2,8309010,8309,"seals, sea lions",,,
146,129,HiddenFalls,08:00-14:00,8:00:00,14:00:00,06/01/12,41061.33,153.33,41061.58,6/1/2012,2012,chum,1779520,no whales,not noted,0,T,trickle,chum complex,Hidden Falls release forms-Ellen,not noted,3.67,6530838,6531,not noted,,,
147,130,HiddenFalls,20:00-08:00,20:00:00,8:00:00,06/01/12,41061.83,153.83,41062.33,6/2/2012,2012,chum,1751731,no whales,not noted,0,T,trickle,chum complex,Hidden Falls release forms-Ellen,not noted,3.75,6568991,6569,not noted,,,
148,131,HiddenFalls,08:00-14:00,8:00:00,14:00:00,06/02/12,41062.33,154.33,41062.58,6/2/2012,2012,chum,1775295,no whales,not noted,0,T,trickle,chum complex,Hidden Falls release forms-Ellen,not noted,3.72,6604097,6604,not noted,,,
149,128,HiddenFalls,20:00-08:00,20:00:00,8:00:00,06/02/12,41062.83,154.83,41063.33,6/3/2012,2012,chum,1782012,no whales,not noted,0,T,trickle,chum complex,Hidden Falls release forms-Ellen,not noted,3.64,6486524,6487,not noted,,,
150,207,LittlePortWalter,8:30,8:30:00,,05/22/12,41051.35,143.35,41052,5/23/2012,2012,Chinook,150460,none,Herring,0,M,mass,LPW Inner Bay,Email exchange with Taylor Scott,none,16.19,2435947,2436,none,,,
151,282,MistCove,,,,05/29/12,41058,150,41058,5/29/2012,2012,coho,200000,,,0,T,trickle,Mist Cove,Email from Carrington Gorman 10/16,at night- estimate,18.5,3700000,3700,,,,
152,283,MistCove,,,,05/30/12,41059,151,41059,5/30/2012,2012,coho,200000,,,0,T,trickle,Mist Cove,Email from Carrington Gorman 10/16,at night- estimate,18.5,3700000,3700,,,,
153,284,MistCove,,,,06/01/12,41061,153,41061,6/1/2012,2012,coho,206746,,,0,T,trickle,Mist Cove,Email from Carrington Gorman 10/16,at night- estimate,18.5,3824801,3825,,,,
154,285,MistCove,,,,06/06/12,41066,158,41066,6/6/2012,2012,coho,200000,,,0,T,trickle,Mist Cove,Email from Carrington Gorman 10/16,at night- estimate,19.812,3962400,3962,,,,
155,286,MistCove,,,,06/07/12,41067,159,41067,6/7/2012,2012,coho,200000,,,0,T,trickle,Mist Cove,Email from Carrington Gorman 10/16,at night- estimate,19.812,3962400,3962,,,,
156,287,MistCove,,,,06/08/12,41068,160,41068,6/8/2012,2012,coho,200000,,,0,T,trickle,Mist Cove,Email from Carrington Gorman 10/16,at night- estimate,19.812,3962400,3962,,,,
157,288,MistCove,,,,06/09/12,41069,161,41069,6/9/2012,2012,coho,156787,,,0,T,trickle,Mist Cove,Email from Carrington Gorman 10/16,at night- estimate,19.812,3106264,3106,,,,
158,289,MistCove,,,,06/11/12,41071,163,41071,6/11/2012,2012,coho,200000,,,0,T,trickle,Mist Cove,Email from Carrington Gorman 10/16,at night- estimate,19.252,3850400,3850,,,,
159,290,MistCove,,,,06/12/12,41072,164,41072,6/12/2012,2012,coho,200000,,,0,T,trickle,Mist Cove,Email from Carrington Gorman 10/16,at night- estimate,19.252,3850400,3850,,,,
160,291,MistCove,,,,06/13/12,41073,165,41073,6/13/2012,2012,coho,200000,,,0,T,trickle,Mist Cove,Email from Carrington Gorman 10/16,at night- estimate,19.252,3850400,3850,,,,
161,292,MistCove,,,,06/13/12,41073,165,41073,6/13/2012,2012,coho,51405,,,0,T,trickle,Mist Cove,Email from Carrington Gorman 10/16,at night- estimate,19.252,989649,990,,,,
162,175,PortArmstrong,15:00-15:00,15:00:00,15:00:00,05/01/12,41030.63,122.63,41030.63,5/1/2012,2012,chum,26459338,no whales seen,none,0,M,mass,Port Armstrong,Port Armstrong data release forms - ellen,not noted,1.91,50537336,50537,"few gulls, few sea ducks",,,
163,176,PortArmstrong,15:00-15:00,15:00:00,15:00:00,05/01/12,41030.63,122.63,41030.63,5/1/2012,2012,pink,82734242,no whales around,none,0,M,mass,Port Armstrong,Port Armstrong data release forms - ellen,not noted,0.52,43021806,43022,some gulls and sea ducks,,,
164,178,PortArmstrong,15:00-15:00,15:00:00,15:00:00,05/01/12,41030.63,122.63,41030.63,5/1/2012,2012,chum,26459383,no whales seen,none,0,M,mass,Port Armstrong,Port Armstrong data release forms - ellen,not noted,1.91,50537422,50537,"few gulls, few sea ducks",,,
165,177,PortArmstrong,11:00-11:00,11:00:00,11:00:00,05/12/12,41041.46,133.46,41041.46,5/12/2012,2012,Chinook,96224,no whales,none,0,M,mass,Port Armstrong,Port Armstrong data release forms - ellen,not noted,19.6,1885990,1886,"few gulls, few sea ducks",,,
166,172,PortArmstrong,14:00-14:00,14:00:00,14:00:00,05/18/12,41047.58,139.58,41047.58,5/18/2012,2012,Chinook,153095,none,none,0,M,mass,Port Armstrong,Port Armstrong data release forms - ellen,,53,8114035,8114,few gulls and sea ducks,,,
167,173,PortArmstrong,14:00-14:00,14:00:00,14:00:00,05/18/12,41047.58,139.58,41047.58,5/18/2012,2012,coho,2380474,on May 19th a smallish humpback same in the bay it swam aroudn the shallows for 10-1 minutes and then left.,none,0,M,mass,Port Armstrong,Port Armstrong data release forms - ellen,,19.65,46776314,46776,"few gulls, few sea ducks",,,
168,180,PortArmstrong,14:00-14:00,14:00:00,14:00:00,05/18/12,41047.58,139.58,41047.58,5/18/2012,2012,Chinook,153095,no whales,none,0,M,mass,Port Armstrong,Port Armstrong data release forms - ellen,not noted,53,8114035,8114,"few gulls, few sea ducks",,,
169,181,PortArmstrong,14:00-14:00,14:00:00,14:00:00,05/18/12,41047.58,139.58,41047.58,5/18/2012,2012,coho,2380474,no whales,none,0,M,mass,Port Armstrong,Port Armstrong data release forms - ellen,on May 19th a smallish humpack whale came in the bay it swam aroudn the shallows for 10-15 minutes and then left.,19.65,46776314,46776,"few gulls, few sea ducks",,,
170,169,Takatz,19:00-07:00,19:00:00,19:00:00,05/24/12,41053.79,145.79,41053.79,5/24/2012,2012,chum,2342547,none,fish,0,T,trickle,takatz,Takatz Bay data release forms - ellen,,1.96,4591392,4591,"seals, birds,",,,
171,170,Takatz,07:00-15:30,7:00:00,7:00:00,05/25/12,41054.29,146.29,41054.29,5/25/2012,2012,chum,2550646,none,fish fry,0,T,trickle,takatz,Takatz Bay data release forms - ellen,,1.98,5050279,5050,"seals, birds,",,,
172,171,Takatz,16:00-23:00,16:00:00,16:00:00,05/25/12,41054.67,146.67,41054.67,5/25/2012,2012,chum,2429304,none,fish,0,T,trickle,takatz,Takatz Bay data release forms - ellen,,2.06,5004366,5004,"seals, birds,",,,
173,166,Takatz,23:30-07:00,23:30:00,23:30:00,05/25/12,41054.98,146.98,41054.98,5/25/2012,2012,chum,2396096,none,fish fry,0,T,trickle,takatz,Takatz Bay data release forms - ellen,,2.14,5127645,5128,"seals, birds",,,
174,168,Takatz,16:00-23:00,16:00:00,16:00:00,05/26/12,41055.67,147.67,41055.67,5/26/2012,2012,chum,2433008,none,fish,0,T,trickle,takatz,Takatz Bay data release forms - ellen,,2,4866016,4866,"seals, birds, dolly varden",,,
175,167,Takatz,23:30-07:00,23:30:00,23:30:00,05/26/12,41055.98,147.98,41055.98,5/26/2012,2012,chum,2534627,none,fish,0,T,trickle,takatz,Takatz Bay data release forms - ellen,,2.05,5195985,5196,"seals, birds",,,
176,164,Takatz,13:00-20:00,13:00:00,13:00:00,05/31/12,41060.54,152.54,41060.54,5/31/2012,2012,chum,2329440,none,fry,0,T,trickle,takatz,Takatz Bay data release forms - ellen,,2.18,5078179,5078,"seals, birds, fish",,,
177,163,Takatz,17:30-08:00,17:30:00,17:30:00,05/31/12,41060.73,152.73,41060.73,5/31/2012,2012,chum,2537218,none,fry,0,T,trickle,takatz,Takatz Bay data release forms - ellen,had to stop releaseing for past 6 days.  Trickle releasing with outgoing tides.,2.09,5302786,5303,"seals, birds, fish",,,
178,165,Takatz,22:30-08:00,22:30:00,22:30:00,05/31/12,41060.94,152.94,41060.94,5/31/2012,2012,chum,2316370,none,fish fry,0,T,trickle,takatz,Takatz Bay data release forms - ellen,,2.05,4748558,4749,"seals, birds, fish",,,
179,160,Takatz,13:30-15:30,13:30:00,13:30:00,06/02/12,41062.56,154.56,41062.56,6/2/2012,2012,chum,2510608,none,fry,0,M,mass,Chatham Strait,Takatz Bay data release forms - ellen,pushed pens out into chatham strait,2.13,5347595,5348,"seals, birds, fish",,,
180,161,Takatz,13:30-15:30,13:30:00,13:30:00,06/02/12,41062.56,154.56,41062.56,6/2/2012,2012,chum,2446524,none,fry,0,M,mass,Chatham Strait,Takatz Bay data release forms - ellen,pushed pens out into chatham strait,2.25,5504679,5505,"seals, birds, fish",,,
181,162,Takatz,23:00-08:00,23:00:00,23:00:00,06/02/12,41062.96,154.96,41062.96,6/2/2012,2012,chum,2380967,none,fry,0,T,trickle,takatz,Takatz Bay data release forms - ellen,,2.18,5190508,5191,"seals, birds, fish",,,
182,158,Takatz,11:30-13:30,11:30:00,11:30:00,06/09/12,41069.48,161.48,41069.48,6/9/2012,2012,chum,2165302,none,fry,0,T,trickle,takatz,Takatz Bay data release forms - ellen,,3.39,7340374,7340,"seals, birds, fish",,,
183,159,Takatz,13:30,13:30:00,13:30:00,06/09/12,41069.56,161.56,41069.56,6/9/2012,2012,chum,2192934,none,fry,0,M,mass,Chatham,Takatz Bay data release forms - ellen,pushed into chatham,3.59,7872633,7873,"seals, birds, fish",,,
184,156,Takatz,12:00-14:30,12:00:00,12:00:00,06/10/12,41070.5,162.5,41070.5,6/10/2012,2012,chum,2317438,none,fry,0,M,mass,chatham,Takatz Bay data release forms - ellen,pushed pens into chatham strait,3.45,7995161,7995,"seals, birds, fish",,,
185,157,Takatz,14:30-23:30,14:30:00,14:30:00,06/10/12,41070.6,162.6,41070.6,6/10/2012,2012,chum,2260155,none,fry,0,T,trickle,takatz,Takatz Bay data release forms - ellen,none,3.39,7661925,7662,"seals, birds, fish",,,
186,155,Takatz,08:00-14:30,8:00:00,8:00:00,06/30/12,41090.33,182.33,41090.33,6/30/2012,2012,chum,2304272,none,fry,0,T,trickle,takatz,Takatz Bay data release forms - ellen,,3.4,7834525,7835,"seals, birds, fish",,,
187,217,HiddenFalls,8:30,8:30:00,,04/26/13,41390.35,116.35,41391,4/27/2013,2013,Chinook,204155,none,not noted,0,,count,kasnyku bay,Hidden Falls data release forms-ellen,none,51.45,10503775,10504,"seals, birds",,,
188,218,HiddenFalls,8:30,8:30:00,,05/01/13,41395.35,121.35,41396,5/2/2013,2013,coho,83274,none,not noted,0,T,trickle,kasnyku Bay,Hidden Falls data release forms-ellen,none,20.26,1687131,1687,"seals, birds, otters",,,
189,219,HiddenFalls,17:00,17:00:00,,05/01/13,41395.71,121.71,41396,5/2/2013,2013,coho,81808,none,not noted,0,T,trickle,kasnyku Bay,Hidden Falls data release forms-ellen,none,23.94,1958484,1958,"seals, birds, otters",,,
190,220,HiddenFalls,8:30,8:30:00,,05/02/13,41396.35,122.35,41397,5/3/2013,2013,coho,85229,none,not noted,0,T,trickle,kasnyku Bay,Hidden Falls data release forms-ellen,none,21.71,1850322,1850,"seals, birds, otters",,,
191,221,HiddenFalls,17:00,17:00:00,,05/02/13,41396.71,122.71,41397,5/3/2013,2013,coho,72464,none,not noted,0,T,trickle,kasnyku Bay,Hidden Falls data release forms-ellen,none,21.62,1566672,1567,"seals, birds, otters",,,
192,203,HiddenFalls,8:00,8:00:00,8:00:00,05/03/13,41397.33,123.33,41397.33,5/3/2013,2013,chum,1651313,none,coho herring,0,T,trickle,kasnyku,Hidden Falls data release forms-ellen,none,4.24,7001567,7002,not noted,,,
193,222,HiddenFalls,8:30,8:30:00,,05/03/13,41397.35,123.35,41398,5/4/2013,2013,coho,76930,none,not noted,0,T,trickle,kasnyku bay,Hidden Falls data release forms-ellen,none,21.44,1649379,1649,"seals, birds, otters",,,
194,223,HiddenFalls,17:00,17:00:00,,05/03/13,41397.71,123.71,41398,5/4/2013,2013,coho,70503,none,not noted,0,T,trickle,kasnyku bay,Hidden Falls data release forms-ellen,none,18.3,1290205,1290,"seals, birds, otters",,,
195,224,HiddenFalls,8:30,8:30:00,,05/04/13,41398.35,124.35,41399,5/5/2013,2013,coho,79552,none,not noted,0,T,trickle,kasnyku bay,Hidden Falls data release forms-ellen,none,21.95,1746166,1746,"seals, birds, otters",,,
196,204,HiddenFalls,17:00-08:00,17:00:00,17:00:00,05/04/13,41398.71,124.71,41398.71,5/4/2013,2013,coho,182732,none,pink fry/chinook solts,0,T,trickle,kasnyku,Hidden Falls data release forms-ellen,none,23.61,4314303,4314,"seals, otter",,,
197,205,HiddenFalls,08:30-13:30,8:30:00,8:30:00,05/05/13,41399.35,125.35,41399.35,5/5/2013,2013,coho,184332,none in the bay,pink fry/chinook solts,0,T,trickle,kasnyku,Hidden Falls data release forms-ellen,none,23.76,4379728,4380,"seals, otter",,,
198,206,HiddenFalls,17:10-08:00,17:10:00,17:10:00,05/05/13,41399.72,125.72,41399.72,5/5/2013,2013,coho,149013,none in the bay,pink fry/chinook solts,0,T,trickle,kasnyku,Hidden Falls data release forms-ellen,none,24.47,3646348,3646,"seals, otter",,,
199,209,HiddenFalls,8:00,8:00:00,,05/06/13,41400.33,126.33,41401,5/7/2013,2013,coho,172595,none in the bay,chinook/coho pink,0,T,trickle,kasnyku,Hidden Falls data release forms-ellen,not noted,20.45,3529568,3530,"seals, otter",,,
200,210,HiddenFalls,17:00,17:00:00,,05/06/13,41400.71,126.71,41401,5/7/2013,2013,coho,172567,none in the bay,chinook/coho pink,0,T,trickle,kasnyku Bay,Hidden Falls data release forms-ellen,none,20.29,3501384,3501,"seals, otter",,,
201,225,HiddenFalls,15:30,15:30:00,,05/07/13,41401.65,127.65,41402,5/8/2013,2013,Chinook,105510,none,not noted,0,T,trickle,kasnyku bay,Hidden Falls data release forms-ellen,none,58.35,6156508,6157,"seals, birds, otters",,,
202,226,HiddenFalls,8:30,8:30:00,,05/08/13,41402.35,128.35,41403,5/9/2013,2013,Chinook,105610,none,not noted,0,T,trickle,kasnyku bay,Hidden Falls data release forms-ellen,none,70.4,7434944,7435,"seals, otters, birds",,,
203,227,HiddenFalls,17:00,17:00:00,,05/08/13,41402.71,128.71,41403,5/9/2013,2013,Chinook,103003,none,not noted,0,T,trickle,kasnyku bay,Hidden Falls data release forms-ellen,none,66.86,6886781,6887,"seals, birds, otters",,,
204,184,HiddenFalls,08:30-17:00,8:30:00,8:30:00,05/17/13,41411.35,137.35,41411.35,5/17/2013,2013,chum,2342828,5/14/2013 whale was seen near chum complex for surface lunges,pink fry,0,T,trickle,Kasnyku,Hidden Falls data release forms-ellen,,2.05,4802797,4803,river otter,,,
205,185,HiddenFalls,17:00-08:00,17:00:00,17:00:00,05/17/13,41411.71,137.71,41411.71,5/17/2013,2013,chum,2428259,no whales in area,"pink fry, chum",0,T,trickle,Kasnyku,Hidden Falls data release forms-ellen,,2.1,5099344,5099,n/a,,,
206,186,HiddenFalls,08:00-17:00,8:00:00,8:00:00,05/18/13,41412.33,138.33,41412.33,5/18/2013,2013,chum,2310377,no whales in area,chum and coho,0,T,trickle,Kasnyku,Hidden Falls data release forms-ellen,,2.12,4897999,4898,n/a,,,
207,191,HiddenFalls,17:00-08:00,17:00:00,17:00:00,05/18/13,41412.71,138.71,41412.71,5/18/2013,2013,chum,2305901,no whales in area,chum and coho,0,T,trickle,Kasnyku,Hidden Falls data release forms-ellen,,2.07,4773215,4773,none,,,
208,208,HiddenFalls,8:24,8:24:00,,05/19/13,41413.35,139.35,41414,5/20/2013,2013,chum,2412308,none,"chum, coho",0,T,trickle,Kasnyku,Hidden Falls data release forms-ellen,none,2.08,5017601,5018,none,,,
209,192,HiddenFalls,17:00-08:00,17:00:00,17:00:00,05/19/13,41413.71,139.71,41413.71,5/19/2013,2013,chum,2462155,no whales in area,chum and coho,0,T,trickle,Kasnyku,Hidden Falls data release forms-ellen,,2.07,5096661,5097,none,,,
210,193,HiddenFalls,08:15-17:00,8:15:00,8:15:00,05/21/13,41415.34,141.34,41415.34,5/21/2013,2013,chum,2441884,saw whale so we held them for an extra day,chum and coho,0,T,trickle,Kasnyku,Hidden Falls data release forms-ellen,,2.06,5030281,5030,none,,,
211,195,HiddenFalls,17:00-08:00,17:00:00,17:00:00,05/21/13,41415.71,141.71,41415.71,5/21/2013,2013,chum,2428626,saw whale so we held them for an extra day,chum and coho,0,T,trickle,Kasnyku,Hidden Falls data release forms-ellen,,2.12,5148687,5149,none,,,
212,211,HiddenFalls,12:30,12:30:00,,05/22/13,41416.52,142.52,41417,5/23/2013,2013,coho,867000,humpback feeding on smolt @ dock had to tow to middle of chatham to release,coho,0,M,mass,middle of chatham strait,Hidden Falls data release forms-ellen,towed net pens with drop bow skiff,24,20808000,20808,humpback by shore,,,
213,196,HiddenFalls,08:00-12:00,8:00:00,8:00:00,05/23/13,41417.33,143.33,41417.33,5/23/2013,2013,chum,2314899,had to use the boat to push chums out of bay because whales seen in the bay,chum and coho,0,M,mass,Chatham,Hidden Falls data release forms-ellen,drop bow was used to push pens out,2.15,4977033,4977,none,,,
214,197,HiddenFalls,08:00-12:00,8:00:00,8:00:00,05/23/13,41417.33,143.33,41417.33,5/23/2013,2013,chum,2281647,boat was used to push chem out of bay because whale was in the bay,chum and coho,0,M,mass,Chatham,Hidden Falls data release forms-ellen,drop bow was used to push pens out,2.13,4859908,4860,none,,,
215,198,HiddenFalls,08:00-12:00,8:00:00,8:00:00,05/24/13,41418.33,144.33,41418.33,5/24/2013,2013,chum,2321068,was feeding on coho and chum inside the bay so we towed the pens to north point,none,0,M,mass,Chatham,Hidden Falls data release forms-ellen,not noted,2.1,4874243,4874,none,,,
216,199,HiddenFalls,08:00-12:00,8:00:00,8:00:00,05/24/13,41418.33,144.33,41418.33,5/24/2013,2013,chum,2308695,was feeding on coho and chum inside the bay so we towed the pens to north point,none,0,M,mass,Chatham,Hidden Falls data release forms-ellen,not noted,2.01,4640477,4640,none,,,
217,201,HiddenFalls,8:00,8:00:00,8:00:00,05/31/13,41425.33,151.33,41425.33,5/31/2013,2013,chum,1609889,none,coho herring,0,T,trickle,kasnyku,Hidden Falls data release forms-ellen,not noted,4.15,6681039,6681,not noted,,,
218,200,HiddenFalls,8:00,8:00:00,8:00:00,06/01/13,41426.33,152.33,41426.33,6/1/2013,2013,chum,1618002,none,coho herring,0,T,trickle,kasnyku,Hidden Falls data release forms-ellen,not noted,4.19,6779428,6779,coho,,,
219,202,HiddenFalls,8:00,8:00:00,8:00:00,06/02/13,41427.33,153.33,41427.33,6/2/2013,2013,chum,1629516,none,coho herring,0,T,trickle,kasnyku,Hidden Falls data release forms-ellen,none,4.21,6860262,6860,not noted,,,
220,212,HiddenFalls,8:00,8:00:00,,06/04/13,41429.33,155.33,41430,6/5/2013,2013,coho,209062,not seen this day,"chum, herring, needle fish",0,T,trickle,kasnyku bay,Hidden Falls data release forms-ellen,none,27.29,5705302,5705,"seal, whale, sea lion",,,
221,213,HiddenFalls,17:00,17:00:00,,06/04/13,41429.71,155.71,41430,6/5/2013,2013,coho,164296,not seen this day,"chum, herring, needlefish",0,T,trickle,kasnyku bay,Hidden Falls data release forms-ellen,none,27.86,4577287,4577,"seal, whale, sea lions",,,
222,214,HiddenFalls,8:00,8:00:00,,06/05/13,41430.33,156.33,41431,6/6/2013,2013,coho,162476,not seen this day,"chum, herring, needle fish",0,T,trickle,kasnyku bay,Hidden Falls data release forms-ellen,none,27.19,4417722,4418,"seal, whale, sea lions",,,
223,215,HiddenFalls,17:00,17:00:00,,06/05/13,41430.71,156.71,41431,6/6/2013,2013,coho,159058,humpback feeding on outer edge of bay,"chum, fry, needlefish, herring",0,T,trickle,kasnyku bay,Hidden Falls data release forms-ellen,none,26.8,4262754,4263,"seals, whale",,,
224,216,HiddenFalls,8:00,8:00:00,,06/06/13,41431.33,157.33,41432,6/7/2013,2013,coho,163728,stopped release within 1/2 hour of start due to whale feeding towards the pens,"chum, herring, needle fish",0,T,trickle,kasnyku bay,Hidden Falls data release forms-ellen,none,28.18,4613855,4614,"seal, whale, sea lion",,,
225,182,LittlePortWalter,20:00-08:30,20:00:00,20:00:00,05/15/13,41409.83,135.83,41409.83,5/15/2013,2013,Chinook,64889,Humpbacks do not seem to key in on our small biomass rlease numbers but I imagine that with Armstrong nearby to the south and mist cove just a few miles north LPW falls right in the action regardless of release numbers..,"pink, coho fry",0,T,trickle,Little Port Walter,Little Port Walter data release forms-ellen,Humpack activity has not influenced our release strategies.,16.89,1095975,1096,"river otter, harbor seal",,,
226,183,LittlePortWalter,20:00-10:00,20:00:00,20:00:00,05/16/13,41410.83,136.83,41410.83,5/16/2013,2013,Chinook,74211,not noted,"pink, coho fry, dolly varden",0,T,trickle,Little Port Walter,Little Port Walter data release forms-ellen,none,16.89,1253424,1253,harbor seal,,,
227,265,MistCove,,,,05/17/13,41411,137,41411,5/17/2013,2013,coho,77029,,,0,T,trickle,Mist Cove,Email from Carrington Gorman 8/19,at night,16.6,1278681,1279,,,,
228,266,MistCove,,,,05/19/13,41413,139,41413,5/19/2013,2013,coho,170442,,,0,T,trickle,Mist Cove,Email from Carrington Gorman 8/19,at night,22,3749724,3750,,,,
229,274,MistCove,,,,05/19/13,41413,139,41413,5/19/2013,2013,coho,210743,,,0,T,trickle,Mist Cove,Email from Carrington Gorman 8/19,at night,22,4636346,4636,,,,
230,268,MistCove,,,,05/23/13,41417,143,41417,5/23/2013,2013,coho,189080,,,0,T,trickle,Mist Cove,Email from Carrington Gorman 8/19,at night,25.9,4897172,4897,,,,
231,275,MistCove,,,,05/24/13,41418,144,41418,5/24/2013,2013,coho,193844,,,0,T,trickle,Mist Cove,Email from Carrington Gorman 8/19,at night,25.9,5020560,5021,,,,
232,270,MistCove,,,,05/25/13,41419,145,41419,5/25/2013,2013,coho,109999,,,0,T,trickle,Mist Cove,Email from Carrington Gorman 8/19,at night,20.1884,2220704,2221,,,,
233,271,MistCove,,,,05/26/13,41420,146,41420,5/26/2013,2013,coho,125770,,,0,T,trickle,Mist Cove,Email from Carrington Gorman 8/19,at night,20.714,2605200,2605,,,,
234,272,MistCove,,,,05/27/13,41421,147,41421,5/27/2013,2013,coho,374324,,,0,T,trickle,Mist Cove,Email from Carrington Gorman 8/19,at night,19.118,7156326,7156,,,,
235,276,MistCove,,,,06/02/13,41427,153,41427,6/2/2013,2013,coho,430763,,,0,T,trickle,Mist Cove,Email from Carrington Gorman 8/19,at night,18.724,8065606,8066,,,,
236,277,MistCove,,,,06/06/13,41431,157,41431,6/6/2013,2013,coho,99898,,,0,T,trickle,Mist Cove,Email from Carrington Gorman 8/19,at night,19.736,1971587,1972,,,,
237,278,MistCove,,,,06/07/13,41432,158,41432,6/7/2013,2013,coho,93523,,,0,T,trickle,Mist Cove,Email from Carrington Gorman 8/19,at night,20.242,1893093,1893,,,,
238,279,MistCove,,,,06/08/13,41433,159,41433,6/8/2013,2013,coho,430763,,,0,T,trickle,Mist Cove,Email from Carrington Gorman 8/19,at night,19.53,8412801,8413,,,,
239,280,MistCove,,,,06/19/13,41444,170,41444,6/19/2013,2013,coho,60732,,,0,T,trickle,Mist Cove,Email from Carrington Gorman 8/19,at night,20.184,1225815,1226,,,,
240,261,PortArmstrong,13:00,13:00:00,,04/25/13,41389.54,115.54,41390,4/26/2013,2013,chum,8088594,no whales observed in our Bay,small schools of herring,0,M,mass,Port Armstrong,Port Armstrong Release forms-ellen,none,1.8,14559469,14559,a few gulls and seaducks,,,
241,262,PortArmstrong,13:00,13:00:00,,04/25/13,41389.54,115.54,41390,4/26/2013,2013,pink,17406424,no whales in bay,small schools of herring,0,M,mass,Port Armstrong,Port Armstrong Release forms-ellen,none,0.66,11488240,11488,a few gulls and sea ducks,,,
242,258,PortArmstrong,15:00,15:00:00,,04/27/13,41391.63,117.63,41392,4/28/2013,2013,pink,11489334,no whales,few herrign,0,M,mass,Port Armstrong,Port Armstrong Release forms-ellen,none,0.65,7468067,7468,none,,,
243,263,PortArmstrong,15:00,15:00:00,,04/27/13,41391.63,117.63,41392,4/28/2013,2013,chum,5854989,have not seen any whales in our bay,gulls seaducks,0,M,mass,Port Armstrong,Port Armstrong Release forms-ellen,none,1.81,10597530,10598,gulls sea ducks,,,
244,264,PortArmstrong,15:00,15:00:00,,04/27/13,41391.63,117.63,41392,4/28/2013,2013,chum,5854989,have not seen any whales in our bay,gulls seaducks,0,M,mass,Port Armstrong,Port Armstrong Release forms-ellen,none,1.81,10597530,10598,gulls sea ducks,,,
245,259,PortArmstrong,12:00,12:00:00,,05/02/13,41396.5,122.5,41397,5/3/2013,2013,pink,11640071,not noted,some herring,0,M,mass,Port Armstrong,Port Armstrong Release forms-ellen,not noted,0.71,8264450,8264,none,,,
246,260,PortArmstrong,13:00,13:00:00,,05/02/13,41396.54,122.54,41397,5/3/2013,2013,chum,5800418,five or six whales in conclusion,some herring,0,M,mass,Port Armstrong,Port Armstrong Release forms-ellen,none,1.81,10498757,10499,none,,,
247,255,PortArmstrong,15:00,15:00:00,,05/04/13,41398.63,124.63,41399,5/5/2013,2013,pink,11554505,not noted,herring and needlefish,0,M,mass,Port Armstrong,Port Armstrong Release forms-ellen,none,0.8,9243604,9244,none,,,
248,256,PortArmstrong,15:00,15:00:00,,05/04/13,41398.63,124.63,41399,5/5/2013,2013,chum,5926045,seven or eight in Conclusion,herring and needlefish,0,M,mass,Port Armstrong,Port Armstrong Release forms-ellen,none,1.85,10963183,10963,none,,,
249,257,PortArmstrong,13:00,13:00:00,,05/14/13,41408.54,134.54,41409,5/15/2013,2013,Chinook,238629,Whales around conclusion and up the coast,none,0,M,mass,Port Armstrong,Port Armstrong Release forms-ellen,none,13.55,3233423,3233,few gulls,,,
250,252,PortArmstrong,13:00,13:00:00,,05/18/13,41412.54,138.54,41413,5/19/2013,2013,coho,218748,Whales around conclusion and up the coast,none,0,M,mass,Port Armstrong,Port Armstrong Release forms-ellen,none,43.24,9458664,9459,none,,,
251,253,PortArmstrong,15:00,15:00:00,,05/19/13,41413.63,139.63,41414,5/20/2013,2013,coho,121795,not noted,none,0,M,mass,Port Armstrong,Port Armstrong Release forms-ellen,none,21.85,2661221,2661,none,,,
252,254,PortArmstrong,14:00,14:00:00,,05/20/13,41414.58,140.58,41415,5/21/2013,2013,coho,293006,whales in conclusion,none,0,M,mass,Port Armstrong,Port Armstrong Release forms-ellen,none,22.9,6709837,6710,none,,,
253,249,PortArmstrong,15:00,15:00:00,,05/21/13,41415.63,141.63,41416,5/22/2013,2013,coho,247841,none,none,0,M,mass,Port Armstrong,Port Armstrong Release forms-ellen,none,24,5948184,5948,none,,,
254,250,PortArmstrong,15:00,15:00:00,,05/23/13,41417.63,143.63,41418,5/24/2013,2013,coho,547749,none,none,0,M,mass,Port Armstrong,Port Armstrong Release forms-ellen,none,23,12598227,12598,none,,,
255,251,PortArmstrong,15:00,15:00:00,,05/24/13,41418.63,144.63,41419,5/25/2013,2013,coho,289789,none,none,0,M,mass,Port Armstrong,Port Armstrong Release forms-ellen,none,21.8,6317400,6317,none,,,
256,246,PortArmstrong,16:00,16:00:00,,05/25/13,41419.67,145.67,41420,5/26/2013,2013,coho,198130,none,none,0,M,mass,Port Armstrong,Port Armstrong Release forms-ellen,none,23.53,4661999,4662,none,,,
257,247,PortArmstrong,13:00,13:00:00,,05/27/13,41421.54,147.54,41422,5/28/2013,2013,coho,254436,none,none,0,M,mass,Port Armstrong,Port Armstrong Release forms-ellen,none,27.1,6895216,6895,none,,,
258,248,PortArmstrong,15:00,15:00:00,,05/29/13,41423.63,149.63,41424,5/30/2013,2013,coho,290646,none,none,0,M,mass,Port Armstrong,Port Armstrong Release forms-ellen,none,23.8,6917375,6917,none,,,
259,228,Takatz,0:01,0:01:00,,05/23/13,41417,143,41418,5/24/2013,2013,chum,2614844,humpbacks at pens frequently last week,"fry, baitfish",0,T,trickle,takatz bay,Hidden Falls data release forms-ellen,none,2.07,5412727,5413,not noted,,,
260,229,Takatz,12:00,12:00:00,,05/23/13,41417.5,143.5,41418,5/24/2013,2013,chum,2559139,humpbacks at pens frequently last week,"fry, baitfish",0,T,trickle,takatz bay,Hidden Falls data release forms-ellen,none,2.05,5246235,5246,not noted,,,
261,230,Takatz,0:01,0:01:00,,05/24/13,41418,144,41419,5/25/2013,2013,chum,2422580,humpbacks at pens frequently last week,"fry, baitfish",0,T,trickle,takatz bay,Hidden Falls data release forms-ellen,none,2.06,4990515,4991,not noted,,,
262,231,Takatz,9:30,9:30:00,,05/24/13,41418.4,144.4,41419,5/25/2013,2013,chum,2298823,humpbacks at pens frequently last week,"fry, baitfish",0,T,trickle,takatz bay,Hidden Falls data release forms-ellen,none,1.99,4574658,4575,not noted,,,
263,232,Takatz,16:30,16:30:00,,05/24/13,41418.69,144.69,41419,5/25/2013,2013,chum,2616550,humpbacks at pens last week,"fry, baitfish",0,T,trickle,takatz bay,Hidden Falls data release forms-ellen,none,1.99,5206934,5207,not noted,,,
264,233,Takatz,0:01,0:01:00,,05/25/13,41419,145,41420,5/26/2013,2013,chum,2440416,none,"fry, baitfish",0,T,trickle,takatz bay,Hidden Falls data release forms-ellen,none,2.04,4978449,4978,not noted,,,
265,235,Takatz,5:30,5:30:00,,05/25/13,41419.23,145.23,41420,5/26/2013,2013,chum,2462727,humpbacks spotted in chatham,"fry, baitfish",0,T,trickle,takatz bay,Hidden Falls data release forms-ellen,none,2.12,5220981,5221,not noted,,,
266,234,Takatz,10:30,10:30:00,,05/25/13,41419.44,145.44,41420,5/26/2013,2013,chum,2380128,humpbacks spotted in chatham,"fry, baitfish",0,T,trickle,takatz bay,Hidden Falls data release forms-ellen,none,2.13,5069673,5070,not noted,,,
267,236,Takatz,0:01,0:01:00,,05/26/13,41420,146,41421,5/27/2013,2013,chum,2443727,humpbacks spotted in chatham,not noted,0,T,trickle,not noted,Hidden Falls data release forms-ellen,none,2.17,5302888,5303,not noted,,,
268,237,Takatz,10:00,10:00:00,,05/26/13,41420.42,146.42,41421,5/27/2013,2013,chum,2505555,whale came by pens for 1/2 hour then left bay.  We continued trickle releasng,"fry, herring",0,T,trickle,Takatz bay,Hidden Falls data release forms-ellen,none,2.14,5361888,5362,not noted,,,
269,238,Takatz,17:30,17:30:00,,05/26/13,41420.73,146.73,41421,5/27/2013,2013,chum,2446604,random whale visits,herring,0,T,trickle,Takatz bay,Hidden Falls data release forms-ellen,none,2.18,5333597,5334,not noted,,,
270,239,Takatz,0:01,0:01:00,,05/27/13,41421,147,41422,5/28/2013,2013,chum,2490648,humpback comes around once and a while,herring,0,T,trickle,Takatz bay,Hidden Falls data release forms-ellen,none,2.15,5354893,5355,not noted,,,
271,240,Takatz,0:01,0:01:00,,06/07/13,41432,158,41433,6/8/2013,2013,chum,1686758,a few passers by,baitfish,0,T,trickle,Takatz bay,Hidden Falls data release forms-ellen,none,3.92,6612091,6612,not noted,,,
272,241,Takatz,14:00,14:00:00,,06/09/13,41434.58,160.58,41435,6/10/2013,2013,chum,1634292,humpbacks in chatham,baitfish,0,M,mass,Takatz bay,Hidden Falls data release forms-ellen,none,4.21,6880369,6880,"seals, birds, fish",,,
273,242,Takatz,14:30,14:30:00,,06/09/13,41434.6,160.6,41435,6/10/2013,2013,chum,1644891,humpbacks in chatham,baitfish,0,M,mass,Takatz bay,Hidden Falls data release forms-ellen,none,4.16,6842747,6843,"seals, birds, fish",,,
274,243,Takatz,6:30,6:30:00,,06/10/13,41435.27,161.27,41436,6/11/2013,2013,chum,1748052,humpbacks out in chatham mass release three pens inside Takatz Bay,baitfish,0,M,mass,Takatz bay,Hidden Falls data release forms-ellen,none,4.25,7429221,7429,"seals, birds, fish",,,
275,244,Takatz,6:30,6:30:00,,06/10/13,41435.27,161.27,41436,6/11/2013,2013,chum,1582770,humpbacks out in chatham mass release three pens inside Takatz Bay,baitfish,0,M,mass,Takatz bay,Hidden Falls data release forms-ellen,none,4.25,6726772,6727,"seals, birds, fish",,,
276,245,Takatz,6:30,6:30:00,,06/10/13,41435.27,161.27,41436,6/11/2013,2013,chum,1675838,humpbacks out in chatham mass release three pens inside Takatz Bay,baitfish,0,M,mass,Takatz bay,Hidden Falls data release forms-ellen,none,4.25,7122312,7122,"seals, birds, fish",,,
277,152,HiddenFalls,9:00-12:00,9:00:00,12:00:00,05/01/14,41760.38,121.38,,5/1/2014,2014,Chinook,113914,None,pink,,,Count,Kas,Hidden Falls release forms-Katy,,67.85,7729064.9,7729,"Birds, Seals",,,
278,153,HiddenFalls,9:00-12:00,9:00:00,12:00:00,05/03/14,41762.38,123.38,,5/3/2014,2014,Chinook,108608,None,pink,,,Count,Kas,Hidden Falls release forms-Katy,,69.88,7589527.04,7590,"Birds, Seals",,,
279,154,HiddenFalls,16:00-19:00,16:00:00,19:00:00,05/03/14,41762.67,123.67,,5/3/2014,2014,Chinook,107632,None,pink,,MT,Mass trickle*,Kas,Hidden Falls release forms-Katy,"*a few minutes drop 3 sides, pull up on one side. 1 hour weigh down 1 end. 6-8 hrs drop corner 4 feet down",62.24,6699015.68,6699,"Birds, Seals",,,
280,155,HiddenFalls,8:30-12:00,8:30:00,12:00:00,05/04/14,41763.35,124.35,,5/4/2014,2014,Chinook,118331,None,pink,,MT,Mass trickle,Kas,Hidden Falls release forms-Katy,,64.8,7667848.8,7668,"Birds, Seals",,,
281,156,HiddenFalls,16:00-19:00,16:00:00,19:00:00,05/04/14,41763.67,124.67,,5/4/2014,2014,Chinook,109742,None,pink,,MT,Mass trickle,Kas,Hidden Falls release forms-Katy,,69.23,7597438.66,7597,"Birds, Seals",,,
282,159,HiddenFalls,16:30,16:30:00,,05/05/14,41764.69,125.69,,5/5/2014,2014,coho,180592,None,None,,M,Mass,Net Pen Site,Hidden Falls release forms-Katy,,23.62,4265583.04,4266,"Otter, seal",,,
283,160,HiddenFalls,8:30,8:30:00,,05/06/14,41765.35,126.35,,5/6/2014,2014,coho,142291,None,None,,M,Mass,Net Pen Site,Hidden Falls release forms-Katy,,23.26,3309688.66,3310,"Otter, seal",,,
284,161,HiddenFalls,16:30,16:30:00,,05/06/14,41765.69,126.69,,5/6/2014,2014,coho,165145,None,None,,M,Mass,Net Pen Site,Hidden Falls release forms-Katy,,22.35,3690990.75,3691,"Otter, seal",,,
285,162,HiddenFalls,11:00,11:00:00,,05/07/14,41766.46,127.46,,5/7/2014,2014,coho,173120,Whale present,None,,M,Mass,Net Pen Site,Hidden Falls release forms-Katy,release delayed due to whale,21.75,3765360,3765,"Otter, seal",,,
286,163,HiddenFalls,21:00,21:00:00,,05/07/14,41766.88,127.88,,5/7/2014,2014,coho,162355,Whale Present,None,,M,Mass,Net Pen Site,Hidden Falls release forms-Katy,Whale caused a release delay,20.95,3401337.25,3401,"Otter, seal",,,
287,164,HiddenFalls,11:30,11:30:00,,05/16/14,41775.48,136.48,,5/16/2014,2014,coho,854060,Whale Present,None,,M,Tow Release,1 mile out in Chatham,Hidden Falls release forms-Katy,Tow release as a result of a whale in the bay,22.43,19156565.8,19157,None,,,
288,157,HiddenFalls,16:00-18:00,16:00:00,18:00:00,05/20/14,41779.67,140.67,,5/20/2014,2014,coho,68366,Humbacks present,coho,,MT,Mass trickle,Kas,Hidden Falls release forms-Katy,,29.04,1985348.64,1985,"Birds, Seals",,,
289,158,HiddenFalls,16:00-18:00,16:00:00,18:00:00,05/20/14,41779.67,140.67,,5/20/2014,2014,coho,57924,Humbacks present,coho,,MT,Mass trickle,Kas,Hidden Falls release forms-Katy,,29.3,1697173.2,1697,"Birds, Seals",,,
290,116,HiddenFalls,8:30-14:00,8:30:00,14:00:00,05/21/14,41780.35,141.35,,5/21/2014,2014,chum,2199733,No Whales,Coho,,T,Trickle,Kas,Hidden falls release forms-Katy,Heard a whale in the distance,2.1,4619439.3,4619,"Rock fish, birds",,,
291,117,HiddenFalls,17:00-8:00,17:00:00,8:00:00,05/21/14,41780.71,141.71,,5/21/2014,2014,chum,2178871,No Whales,coho,,T,Trickle,Kas,Hidden Falls release forms-Katy,,2,4357742,4358,"Rockfish, pacific cod",,,
292,118,HiddenFalls,8:30-15:00,8:30:00,15:00:00,05/22/14,41781.35,142.35,,5/22/2014,2014,chum,2438988,No whales,Coho,,T,Trickle,Kas,Hidden falls release forms-Katy,,2.1,5121874.8,5122,Rockfish and sea birds,,,
293,119,HiddenFalls,17:00-8:00,17:00:00,8:00:00,05/22/14,41781.71,142.71,,5/22/2014,2014,chum,2158185,No Whales,Coho/Chum,,T,Trickle,Kas,Hidden falls release forms-Katy,,2.18,4704843.3,4705,"Rockfish, pacific cod",,,
294,120,HiddenFalls,8:00-15:00,8:00:00,15:00:00,05/23/14,41782.33,143.33,,5/23/2014,2014,chum,1969780,No Whales,Coho/Chum,,T,Trickle,Kas,Hidden falls release forms-Katy,,2.2,4333516,4334,"Rockfish, sea birds",,,
295,121,HiddenFalls,17:00-8:00,17:00:00,8:00:00,05/23/14,41782.71,143.71,,5/23/2014,2014,chum,2241487,No Whales,coho/chum,,T,Trickle,kas,Hidden falls release forms-Katy,,2.1,4707122.7,4707,"Rockfish, sea birds",,,
296,111,HiddenFalls,8:00-14:00,8:00:00,14:00:00,05/24/14,41783.33,144.33,,5/24/2014,2014,chum,2154532,No Whales,Coho/chum,,T,Trickle,Kas,Hidden falls release forms-Katy,,2.26,4869242.32,4869,"Rock fish, sea birds",,,
297,114,HiddenFalls,15:00-8:00,15:00:00,8:00:00,05/24/14,41783.63,144.63,,5/24/2014,2014,chum,2021590,No Whales,Coho/chum,,T,Trickle,Kas,Hidden Falls release Forms-Katy,,2.3,4649657,4650,"Rock fish, sea bird",,,
298,115,HiddenFalls,22:30-8:00,22:30:00,8:00:00,05/24/14,41783.94,144.94,,5/24/2014,2014,chum,2143546,No Whales,coho/chum,,T,Trickle,Kas,Hidden falls release forms-Katy,,2.25,4822978.5,4823,"Rock Fish, sea birds",,,
299,108,HiddenFalls,08:00-13:00,8:00:00,13:00:00,05/25/14,41784.33,145.33,,5/25/2014,2014,chum,2000015,No Whales,Coho/Chum,,T,Trickle,Kas,Hidden Falls release forms-Katy,,2.25,4500033.75,4500,"Rock Fish,  Sea Bird",,,
300,109,HiddenFalls,10:00-15:30,10:00:00,15:30:00,05/26/14,41785.42,146.42,,5/26/2014,2014,chum,2114802,No Whales,coho/chum,,T,Trickle,Kas,Hidden Falls release forms-Katy,Held this NP 2 extra days because whale was inside the bay,2.15,4546824.3,4547,"Rock Fish, Sea Bird",,,
301,110,HiddenFalls,10:00-15:30,10:00:00,15:30:00,05/27/14,41786.42,147.42,,5/27/2014,2014,chum,2413869,No Whales,coho/chum,,T,Trickle,Kas,Hidden Falls release forms-Katy,Held this NP 2 extra days because whale was in the bay,2.33,5624314.77,5624,,,,
302,165,HiddenFalls,11:15-11:45,11:15:00,11:45:00,05/27/14,41786.47,147.47,,5/27/2014,2014,coho,880995,Not Entered,Unknown,,M,Mass/Tow,Chatham Strait,Hidden Falls release forms-Katy,Tow release to prevent biomass build up,24.89,21927965.55,21928,Eagles,,,
303,113,LittlePortWalter,20:00-17:00,20:00:00,17:00:00,05/16/14,41775.83,136.83,,5/16/2014,2014,Chinook,211163,minimal humback activity,"pink, chum, sand lance",,T,Trickle,LPW inner bay,Little Port Walter Release Forms-Katy,,28.51,6020257.13,6020,,,,
304,166,MistCove,19:00-23:00,19:00:00,23:00:00,05/13/14,41772.79,133.79,,5/13/2014,2014,coho,30847,Low activity,plankton,,M/T,"trickle, then mass",Mist Cove,Mist cove release Forms-Katy,,20.4,629278.8,629,"otters, birds, rockfish",,,
305,167,MistCove,20:00-23:00,20:00:00,23:00:00,05/18/14,41777.83,138.83,,5/18/2014,2014,coho,398352,Low activity,plankton,,T,Trickle,Mist Cove,Mist cove release Forms-Katy,,26.7,10635998.4,10636,"otters, birds, rockfish",,,
306,168,MistCove,12:00,12:00:00,,05/20/14,41779.5,140.5,,5/20/2014,2014,coho,435322,general feeding and passing through,plankton,,M,remote,Chatham,Mist cove release Forms-Katy,towed pens several miles out past zone whales frequent,21.2,9228826.4,9229,birds,,,
307,169,MistCove,15:00-15:30,15:00:00,15:30:00,05/23/14,41782.63,143.63,,5/23/2014,2014,coho,299733,general feeding and passing through,plankton,,M,remote,Chatham,Mist cove release Forms-Katy,towed pens several miles out past zone whales frequent,21.8,6534179.4,6534,birds,,,
308,170,MistCove,18:00-18:15,18:00:00,18:15:00,06/01/14,41791.75,152.75,,6/1/2014,2014,coho,442314,general feeding and passing through,plankton,,M,remote,Chatham,Mist cove release Forms-Katy,towed pens several miles out past zone whales frequent,25.3,11190544.2,11191,birds,,,
309,171,MistCove,19:00-19:00,19:00:00,19:00:00,06/03/14,41793.79,154.79,,6/3/2014,2014,coho,415405,general feeding and passing through,plankton,,M,remote,Chatham,Mist cove release Forms-Katy,towed pens several miles out past zone whales frequent,22.8,9471234,9471,birds,,,
310,172,MistCove,11:00,11:00:00,,06/06/14,41796.46,157.46,,6/6/2014,2014,coho,224066,general feeding and passing through,plankton,,M,remote,Chatham,Mist cove release Forms-Katy,towed pens several miles out past zone whales frequent,23.3,5220737.8,5221,birds,,,
311,173,MistCove,21:00-23:00,21:00:00,23:00:00,06/10/14,41800.88,161.88,,6/10/2014,2014,coho,99232,decreased activity,plankton,,T,Trickle,Mist Cove,Mist cove release Forms-Katy,,25.1,2490723.2,2491,"Birds, rockfish",,,
312,174,MistCove,21:00-23:00,21:00:00,23:00:00,06/20/14,41810.88,171.88,,6/20/2014,2014,coho,49448,Med-low activity,plankton,,T,Trickle,Mist Cove,Mist cove release Forms-Katy,,25.5,1260924,1261,"Birds, rockfish",,,
313,175,MistCove,21:00-23:00,21:00:00,23:00:00,06/29/14,41819.88,180.88,,6/29/2014,2014,coho,22149,Med-Low Activity,plankton,,T,Trickle,Mist Cove,Mist cove release Forms-Katy,,26.1,578088.9,578,"Birds, rockfish",,,
314,131,PortArmstrong,9:00-10:00,9:00:00,10:00:00,04/18/14,41747.38,108.38,,4/18/2014,2014,pink,12631433,None,None,,M,Mass,Port Armstrong,Port Armstrong release forms-Katy,1 skiff going to pens,0.32,4042058.56,4042,sea birds,,,
315,132,PortArmstrong,9:00-13:00,9:00:00,13:00:00,04/24/14,41753.38,114.38,,4/24/2014,2014,pink,10740834,None,None,,M,Mass,Port Armstrong,Port Armstrong release forms-Katy,4 people working at pens 1 skiff,0.4,4296333.6,4296,sea birds,,,
316,133,PortArmstrong,13:00-13:30,13:00:00,13:30:00,04/25/14,41754.54,115.54,,4/25/2014,2014,chum,4049152,Not Entered,None,,M,Mass,Port Armstrong,Port Armstrong release forms-Katy,,2.39,9677473.28,9677,sea birds,,,
317,127,PortArmstrong,13:00-16:00,13:00:00,16:00:00,04/27/14,41756.54,117.54,,4/27/2014,2014,pink,8038603,Not Entered,None,,M,Mass,Port Armstrong,Port Armstrong release forms-Katy,,0.36,2893897.08,2894,sea birds,,,
318,128,PortArmstrong,13:00-16:00,13:00:00,16:00:00,04/27/14,41756.54,117.54,,4/27/2014,2014,chum,4069925,Not Entered,None,,M,Mass,Port Armstrong,Port Armstrong release forms-Katy,,2.38,9686421.5,9686,sea birds,,,
319,129,PortArmstrong,10:00-12:00,10:00:00,12:00:00,04/30/14,41759.42,120.42,,4/30/2014,2014,chum,16909911,Not Entered,None,,M,Mass,Port Armstrong,Port Armstrong release forms-Katy,,2.46,41598381.06,41598,sea birds,,,
320,130,PortArmstrong,13:30-15:30,13:30:00,15:30:00,05/04/14,41763.56,124.56,,5/4/2014,2014,pink,19093482,Not Entered,None,,M,Mass,Port Armstrong,Port Armstrong release forms-Katy,"80% at .41, 20% at .70",0.41,7828327.62,7828,sea birds,,,
321,124,PortArmstrong,13:00-17:00,13:00:00,17:00:00,05/07/14,41766.54,127.54,,5/7/2014,2014,pink,29154745,Not Entered,None,,M,Mass,Port Armstrong,Port Armstrong release forms-Katy,,0.6,17492847,17493,sea birds,,,
322,125,PortArmstrong,15:00-15:30,15:00:00,15:30:00,05/14/14,41773.63,134.63,,5/14/2014,2014,Chinook,161355,None,Pink/chum,,M,Mass,Port Armstrong,Port Armstrong release forms-Katy,,14.7,2371918.5,2372,Birds,,,
323,126,PortArmstrong,13:30-14:30,13:30:00,14:30:00,05/17/14,41776.56,137.56,,5/17/2014,2014,coho,719,Not Entered,None,,M,Mass,Port Armstrong,Port Armstrong release forms-Katy,,24,17256,17,None,,,
324,122,PortArmstrong,10:00-11:00,10:00:00,11:00:00,05/21/14,41780.42,141.42,,5/21/2014,2014,coho,437727,No Whales,None,,M,Mass,Port Armstrong,Port Armstrong release forms-Katy,,24,10505448,10505,None,,,
325,123,PortArmstrong,9:00-11:00,9:00:00,11:00:00,05/22/14,41781.38,142.38,,5/22/2014,2014,coho,1310033,1 whale,None,,M,Mass,Port Armstrong,Port Armstrong release forms-Katy,"whale showed up just after release, it sounded then they did not see it again.",25,32750825,32751,None,,,
326,134,Takatz,6:00-11:00,6:00:00,11:00:00,05/23/14,41782.25,143.25,,5/23/2014,2014,chum,2703813,None,Baitfish,,T,Trickle,Takatz Bay,Takatz release forms-Katy,,2.1,5678007.3,5678,"Birds, Fish, Furbearers",,,
327,135,Takatz,12:00-17:00,12:00:00,17:00:00,05/23/14,41782.5,143.5,,5/23/2014,2014,chum,2577371,None,Baitfish,,T,Trickle,Takatz Bay,Takatz release forms-Katy,,2.1,5412479.1,5412,"Birds, Fish, Furbearers",,,
328,136,Takatz,6:00-11:00,6:00:00,11:00:00,05/24/14,41783.25,144.25,,5/24/2014,2014,chum,2669389,None,Baitfish,,T,Trickle,Takatz Bay,Takatz release forms-Katy- Mass and Count not Included. EST form other releases,,2.05,5472247.077,5472,"Birds, Fish, Furbearers",,,
329,137,Takatz,12:00-16:00,12:00:00,16:00:00,05/24/14,41783.5,144.5,,5/24/2014,2014,chum,2444118,None,Baitfish,,T,Trickle,Takatz Bay,Takatz release forms-Katy,,2.01,4912677.18,4913,"Birds, Fish, Furbearers",,,
330,138,Takatz,16:30-19:30,16:30:00,19:30:00,05/24/14,41783.69,144.69,,5/24/2014,2014,chum,2570301,None,Baitfish,,T,Trickle,Takatz Bay,Takatz release forms-Katy,,2.04,5243414.04,5243,"Birds, Fish, Furbearers",,,
331,139,Takatz,6:00-12:00,6:00:00,12:00:00,05/25/14,41784.25,145.25,,5/25/2014,2014,chum,2683122,None,Baitfish,,T,Trickle,Takatz Bay,Takatz release forms-Katy,,2.01,5393075.22,5393,"Birds, Fish, Furbearers",,,
332,140,Takatz,12:00-16:30,12:00:00,16:30:00,05/25/14,41784.5,145.5,,5/25/2014,2014,chum,2813610,None,Baitfish,,T,Trickle,Takatz Bay,Takatz release forms-Katy,,2.1,5908581,5909,"Birds, Fish, Furbearers",,,
333,141,Takatz,16:30-19:30,16:30:00,19:30:00,05/25/14,41784.69,145.69,,5/25/2014,2014,chum,2592618,None,Baitfish,,T,Trickle,Takatz Bay,Takatz release forms-Katy,,2.15,5574128.7,5574,"Birds, Fish, Furbearers",,,
334,142,Takatz,6:00-12:00,6:00:00,12:00:00,05/26/14,41785.25,146.25,,5/26/2014,2014,chum,2700193,None,Baitfish,,T,Trickle,Takatz Bay,Takatz release forms-Katy,,2.09,5643403.37,5643,"Birds, Fish, Furbearers",,,
335,143,Takatz,12:00-17:00,12:00:00,17:00:00,05/26/14,41785.5,146.5,,5/26/2014,2014,chum,2637747,None,Baitfish,,T,Trickle,Takatz Bay,Takatz release forms-Katy,,2.07,5460136.29,5460,"Birds, Fish, Furbearers",,,
336,144,Takatz,17:00-19:30,17:00:00,19:30:00,05/26/14,41785.71,146.71,,5/26/2014,2014,chum,2773531,None,Baitfish,,T,Trickle,Takatz Bay,Takatz release forms-Katy,,2.06,5713473.86,5713,"Birds, Fish, Furbearers",,,
337,145,Takatz,6:00-12:00,6:00:00,12:00:00,05/27/14,41786.25,147.25,,5/27/2014,2014,chum,2866853,None,Baitfish,,T,Trickle,Takatz Bay,Takatz release forms-Katy,,2.11,6049059.83,6049,"Birds, Fish, Furbearers",,,
338,146,Takatz,7:00-11:00,7:00:00,11:00:00,06/05/14,41795.29,156.29,,6/5/2014,2014,chum,1746110,Whale at night,Not Entered,,T,Trickle,Takatz Bay,Takatz release forms-Katy,,4.11,7176512.1,7177,Dolly Varden,,,
339,147,Takatz,12:00-15:00,12:00:00,15:00:00,06/05/14,41795.5,156.5,,6/5/2014,2014,chum,1765946,whale at night,Not Entered,,T,Trickle,Takatz Bay,Takatz release forms-Katy,,4.28,7558248.88,7558,Dolly Varden,,,
340,148,Takatz,8:30-11:30,8:30:00,11:30:00,06/06/14,41796.35,157.35,,6/6/2014,2014,chum,1723688,whale in bay,Not Entered,,T,Trickle,Takatz Bay,Takatz release forms-Katy,,4.25,7325674,7326,Dolly Varden,,,
341,149,Takatz,12:00-14:45,12:00:00,14:45:00,06/06/14,41796.5,157.5,,6/6/2014,2014,chum,1747460,whale at night,Not Entered,,T,Trickle,Takatz Bay,Takatz release forms-Katy,,4.17,7286908.2,7287,Dolly Varden,,,
342,150,Takatz,7:30-11:00,7:30:00,11:00:00,06/07/14,41797.31,158.31,,6/7/2014,2014,chum,1721412,whale passes by at night,Not Entered,,T,Trickle,Takatz Bay,Takatz release forms-Katy,,4.04,6954504.48,6955,Dolly Varden,,,
343,151,Takatz,11:00-13:00,11:00:00,13:00:00,06/07/14,41797.46,158.46,,6/7/2014,2014,chum,1696201,Whale passes by at night,Not Entered,,T,Trickle,Takatz Bay,Takatz release forms-Katy,,4.04,6852652.04,6853,Dolly Varden,,,
344,0,HiddenFalls,8:30,8:30:00,15:00:00,05/12/15,42136,132,0,5/12/2015,2015,chum,1937613,none,"herring, salmon smolt",0,T,,Kasnyku Bay,Kasnyku Release Forms,,1.95,0,0,"rockfish, birds",,,
345,0,HiddenFalls,17:00-08:00,17:00:00,8:00:00,05/12/15,42136,132,0,5/13/2015,2015,chum,2016734,n/a,"herring, salmon smolt",0,T,Trickle,Kasnyku,Kasnyku Release Forms,,1.87,0,0,"Rockfish, birds",,,
346,0,HiddenFalls,23:00,23:00:00,15:00:00,05/13/15,42137,133,0,5/13/2015,2015,chum,2016734,n/a,"herring, salmon smolt",0,T,Trickle,Kasnyku,Kasnyku Release Forms,,2.05,0,0,"Birds, seals, fish",,,
347,0,HiddenFalls,17:00,17:00:00,8:00:00,05/13/15,42137,133,0,5/14/2015,2015,chum,2160840,n/a,baitfish,0,T,Trickle,Kasnyku,Kasnyku Release Forms,,2.31,0,0,"fish, birds, seals",,,
348,0,HiddenFalls,11:00,11:00:00,15:00:00,05/14/15,42138,134,0,5/14/2015,2015,chum,2056375,humpback came by @9:00 released 2 hours later,baitfish,0,T,Trickle,Kasnyku,Kasnyku Release Forms,,2.1,0,0,"fish, birds, seals",,,
349,0,HiddenFalls,17:00,17:00:00,8:00:00,05/14/15,42138,134,0,5/15/2015,2015,chum,1835548,n/a,baitfish,0,T,Trickle,Kasnyku,Kasnyku Release Forms,,0.199,0,0,"fish, birds, seals",,,
350,0,HiddenFalls,8:00,8:00:00,15:00:00,05/15/15,42139,135,0,5/15/2015,2015,chum,2078318,n/a,baitfish,0,T,Trickle,Kasnyku,Kasnyku Release Forms,,2.9,0,0,"large fish, birds, seals",,,
351,0,HiddenFalls,11:00,11:00:00,15:00:00,05/16/15,42140,136,0,5/16/2015,2015,chum,2090848,humpback @8:00 so we waited 3 hours then released,baitfish,0,T,Trickle,Kasnyku,Kasnyku Release Forms,,2.09,0,0,"fish, bird, seals",,,
352,0,HiddenFalls,8:00,8:00:00,23:00:00,05/17/15,42141,137,0,5/17/2015,2015,chum,1983068,held overnight because whale in bay,baitfish,0,T,Trickle,Kasnyku,Kasnyku Release Forms,,2.15,0,0,same,,,
353,0,HiddenFalls,8:30,8:30:00,12:00:00,05/17/15,42141,137,0,5/17/2015,2015,chum,1835548,none,baitfish,0,T,Trickle,Kasnyku,Kasnyku Release Forms,,2.27,0,0,same,,,
354,0,HiddenFalls,8:00,8:00:00,10:00:00,05/18/15,42142,138,0,5/18/2015,2015,chum,1890781,WHALE IN BAY LAST NIGHT.  It left so mass released,SAME,0,T,Trickle,Kasnyku,Kasnyku Release Forms,,2.12,0,0,same,,,
355,0,HiddenFalls,14:00,14:00:00,17:00:00,05/25/15,42149,145,0,5/25/2015,2015,chum,1686304,1 whale does a loop every few days,herring,0,T,trickle,Kasnyku,Kasnyku Release Forms,,4.25,0,0,same,,,
356,0,HiddenFalls,17:00,17:00:00,8:00:00,05/25/15,42149,145,0,5/26/2015,2015,chum,1592366,1 whale does a loop every few days,herring,0,T,trickle,Kasnyku,Kasnyku Release Forms,,4.52,0,0,same,,,
357,0,HiddenFalls,8:30,8:30:00,8:30:00,05/28/15,42152,148,0,5/28/2015,2015,chum,1649558,whale held off release for three days,herring,0,T,trickle,Kasnyku,Kasnyku Release Forms,,4.1,0,0,same,,,
358,0,HiddenFalls,9:00,9:00:00,9:00:00,05/28/15,42152,148,0,5/28/2015,2015,chum,1585287,whale is @ Takatz Bay,herring,0,M,mass,Kasnyku,Kasnyku Release Forms,,4.16,0,0,"birds, whales, seals",,,
365,0,Takatz,14:00,14:00:00,8:00:00,05/17/15,42141,137,0,5/18/2015,2015,chum,0,na,baitfish,0,m,mass,Takatz,Takatz Release Forms,,2.1,0,0,"birds, seals, otter, dolly varden",,,
366,0,Takatz,14:00,14:00:00,8:00:00,05/17/15,42141,137,0,5/18/2015,2015,chum,0,humpbacks at hidden falls,baitfish,0,t,trickle,Takatz,Takatz Release Forms,,2.1,0,0,"birds, seals, dolly varden",,,
367,0,Takatz,8:00,8:00:00,15:30:00,05/18/15,42142,138,0,5/18/2015,2015,chum,0,na,baitfish,0,t,trickle,Takatz,Takatz Release Forms,,2.15,0,0,"birds, seals, otter, dolly varden",,,
368,0,Takatz,17:00,17:00:00,8:00:00,05/18/15,42142,138,0,5/19/2015,2015,chum,0,na,baitfish,0,t,trickle,Takatz,Takatz Release Forms,,2.19,0,0,"birds, seals, otter, dolly varden",,,
369,0,Takatz,8:00,8:00:00,16:00:00,05/19/15,42143,139,0,5/19/2015,2015,chum,0,whale arrived in Takatz Bay @ 9:00 am stopped.  Mass released @ 4pm whale gone for 1 hr,baitfish,0,t,trickle,Takatz,Takatz Release Forms,,2.09,0,0,"birds, seals, otter, dolly varden",,,
370,0,Takatz,16:30,16:30:00,16:30:00,05/19/15,42143,139,0,5/19/2015,2015,chum,0,whale left bay,baitfish,0,m,mass,Takatz,Takatz Release Forms,,2.35,0,0,"birds, seals, dolly varden",,,
371,0,Takatz,10:45,10:45:00,17:00:00,05/20/15,42144,140,0,5/20/2015,2015,chum,0,whale in bay @ 8:00 am so waited 2 hours then released,baitfish,0,t,trickle,Takatz,Takatz Release Forms,,2.3,0,0,"seals,birds",,,
372,0,Takatz,15:00,15:00:00,8:00:00,05/20/15,42144,140,0,5/21/2015,2015,chum,0,whale in bay at 8 am no effect on release,baitfish,0,t,trickle,Takatz,Takatz Release Forms,,1.99,0,0,"seals,birds",,,
373,0,Takatz,16:00,16:00:00,8:00:00,05/20/15,42144,140,0,5/21/2015,2015,chum,0,whale gone sped up release,baitfish,0,t,trickle,Takatz,Takatz Release Forms,,2.58,0,0,"seals,birds",,,
374,0,Takatz,8:00,8:00:00,17:00:00,05/21/15,42145,141,0,5/21/2015,2015,chum,0,na,baitfish,0,t,trickle,Takatz,Takatz Release Forms,,2.49,0,0,"seals, birds, fish",,,
375,0,Takatz,12:00,12:00:00,17:00:00,05/21/15,42145,141,0,5/21/2015,2015,chum,0,lack of whales = speeding up release timetable,baitfish,0,t,trickle,Takatz,Takatz Release Forms,,2.13,0,0,"seals, birds, fish",,,
376,0,Takatz,14:00,14:00:00,17:00:00,05/21/15,42145,141,0,5/21/2015,2015,chum,0,na,baitfish,0,t,trickle,Takatz,Takatz Release Forms,,2.18,0,0,"seals, birds, fish",,,
359,0,Takatz,15:15,15:15:00,15:30:00,05/27/15,42151,147,0,5/27/2015,2015,chum,,na,baitfish,0,M,mass,Takatz,Takatz Release Forms,,3.92,0,0,"birds. Seals, fish",,,
360,0,Takatz,15:30,15:30:00,15:45:00,05/27/15,42151,147,0,5/27/2015,2015,chum,,na,baitfish,0,M,mass,Takatz,Takatz Release Forms,,3.92,0,0,"birds. Seals, fish",,,
361,0,Takatz,15:45,15:45:00,16:00:00,05/27/15,42151,147,0,5/27/2015,2015,chum,,na,baitfish,0,M,mass,Takatz,Takatz Release Forms,,3.77,0,0,"birds. Seals, fish",,,
362,0,Takatz,16:15,16:15:00,16:30:00,05/27/15,42151,147,0,5/27/2015,2015,chum,,na,baitfish,0,M,mass,Takatz,Takatz Release Forms,,3.86,0,0,"birds. Seals, fish",,,
363,0,Takatz,9:00,9:00:00,10:00:00,05/28/15,42152,148,0,5/28/2015,2015,chum,0,"humpback feeding, fish sick and have to release so no effect",baitfish,0,m,mass,Takatz,Takatz Release Forms,,3.76,0,0,"seals, birds, fish",,,
364,0,Takatz,10:15,10:15:00,10:45:00,05/28/15,42152,148,0,5/28/2015,2015,chum,0,"humpback feeding, fish sick and have to release so no effect",baitfish,0,m,mass,Takatz,Takatz Release Forms,,4.04,0,0,"seals, birds, fish",,,
378,0,MistCove,20:00,20:00:00,20:30:00,04/12/15,42106,102,0,4/12/2015,2015,coho,52,none- few fish,--,0,T,trickle,Mist Cove,Mist Cove Release Forms,,17.84,0,0,birds,,,
379,0,MistCove,20:00,20:00:00,20:30:00,04/12/15,42106,102,0,4/12/2015,2015,coho,2,none- few fish,--,0,T,trickle,Mist Cove,Mist Cove Release Forms,,63.16,0,0,birds,,,
380,0,MistCove,13:00,13:00:00,13:15:00,04/15/15,42109,105,0,4/15/2015,2015,coho,90,none- few fish,--,0,T,trickle,Mist Cove,Mist Cove Release Forms,,20.53,0,0,birds,,,
381,0,MistCove,13:00,13:00:00,13:15:00,04/15/15,42109,105,0,4/15/2015,2015,coho,3,none- few fish,--,0,T,trickle,Mist Cove,Mist Cove Release Forms,,63.16,0,0,birds,,,
382,0,MistCove,10:00,10:00:00,10:15:00,04/18/15,42112,108,0,4/18/2015,2015,coho,65,none- few fish,--,0,T,trickle,Mist Cove,Mist Cove Release Forms,,20.1,0,0,birds,,,
383,0,MistCove,10:00,10:00:00,10:15:00,04/18/15,42112,108,0,4/18/2015,2015,coho,2,none- few fish,--,0,T,trickle,Mist Cove,Mist Cove Release Forms,,63.16,0,0,birds,,,
384,0,MistCove,11:00,11:00:00,11:15:00,04/21/15,42115,111,0,4/21/2015,2015,coho,83,none- few fish,--,0,T,trickle,Mist Cove,Mist Cove Release Forms,,20.47,0,0,birds,,,
385,0,MistCove,11:00,11:00:00,11:15:00,04/21/15,42115,111,0,4/21/2015,2015,coho,3,none- few fish,--,0,T,trickle,Mist Cove,Mist Cove Release Forms,,63.16,0,0,birds,,,
386,0,MistCove,14:00,14:00:00,14:15:00,04/24/15,42118,114,0,4/24/2015,2015,coho,139,none- few fish,--,0,T,trickle,Mist Cove,Mist Cove Release Forms,,21,0,0,"birds, black bass",,,
387,0,MistCove,14:00,14:00:00,14:15:00,04/24/15,42118,114,0,4/24/2015,2015,coho,4,none- few fish,--,0,T,trickle,Mist Cove,Mist Cove Release Forms,,63.16,0,0,"birds, black bass",,,
388,0,MistCove,13:00,13:00:00,13:30:00,04/27/15,42121,117,0,4/27/2015,2015,coho,510,none- few fish,--,0,T,trickle,Mist Cove,Mist Cove Release Forms,,22,0,0,"birds, black bass",,,
389,0,MistCove,13:00,13:00:00,13:30:00,04/27/15,42121,117,0,4/27/2015,2015,coho,16,none- few fish,--,0,T,trickle,Mist Cove,Mist Cove Release Forms,,63.16,0,0,"birds, black bass",,,
390,0,MistCove,21:00,21:00:00,21:30:00,05/02/15,42126,122,0,5/2/2015,2015,coho,427,none- few fish,Herring,0,T,trickle,Mist Cove,Mist Cove Release Forms,,23,0,0,"birds, rockfish",,,
391,0,MistCove,21:00,21:00:00,21:30:00,05/02/15,42126,122,0,5/2/2015,2015,coho,13,none- few fish,Herring,0,T,trickle,Mist Cove,Mist Cove Release Forms,,63.16,0,0,"birds, rockfish",,,
392,0,MistCove,20:00,20:00:00,8:15:00,05/04/15,42128,124,0,5/4/2015,2015,coho,1943,intermittent- few fish,Herring,0,T,trickle,Mist Cove,Mist Cove Release Forms,,24.14,0,0,"birds, rockfish",,,
393,0,MistCove,20:00,20:00:00,8:15:00,05/04/15,42128,124,0,5/4/2015,2015,coho,60,intermittent- few fish,Herring,0,T,trickle,Mist Cove,Mist Cove Release Forms,,63.16,0,0,"birds, rockfish",,,
394,0,MistCove,21:00,21:00:00,21:45:00,05/05/15,42129,125,0,5/5/2015,2015,coho,23054,"none, few fish",Herring,0,T,trickle,Mist Cove,Mist Cove Release Forms,,24.07,0,0,"birds, rockfish",,,
395,0,MistCove,21:00,21:00:00,21:45:00,05/05/15,42129,125,0,5/5/2015,2015,coho,177,"none, few fish",Herring,0,T,trickle,Mist Cove,Mist Cove Release Forms,,63.16,0,0,"birds, rockfish",,,
396,0,MistCove,21:00,21:00:00,22:00:00,05/08/15,42132,128,0,5/8/2015,2015,coho,25595,none,"Herring, krill",0,T,trickle,Mist Cove,Mist Cove Release Forms,,21.35,0,0,6+ rockfish,,,
397,0,MistCove,21:00,21:00:00,22:00:00,05/08/15,42132,128,0,5/8/2015,2015,coho,145,none,"Herring, krill",0,T,trickle,Mist Cove,Mist Cove Release Forms,,63.16,0,0,6+ rockfish,,,
398,0,MistCove,21:00,21:00:00,22:00:00,05/10/15,42134,130,0,5/10/2015,2015,coho,25269,none,Herring,0,T,trickle,Mist Cove,Mist Cove Release Forms,,21.68,0,0,6+ rockfish,,,
399,0,MistCove,21:00,21:00:00,22:00:00,05/10/15,42134,130,0,5/10/2015,2015,coho,51,none,Herring,0,T,trickle,Mist Cove,Mist Cove Release Forms,,63.16,0,0,6+ rockfish,,,
400,0,MistCove,20:30,20:30:00,22:30:00,05/12/15,42136,132,0,5/12/2015,2015,coho,63250,"intermittent, safe enough",Herring,0,T,trickle,Mist Cove,Mist Cove Release Forms,,20.81,0,0,6+ rockfish,,,
401,0,MistCove,20:30,20:30:00,22:30:00,05/12/15,42136,132,0,5/12/2015,2015,coho,250,"intermittent, safe enough",Herring,0,T,trickle,Mist Cove,Mist Cove Release Forms,,63.16,0,0,6+ rockfish,,,
402,0,MistCove,21:00,21:00:00,0:00:00,05/14/15,42138,134,0,5/14/2015,2015,coho,102736,"intermittent, safe enough",Herring,0,T,trickle,Mist Cove,Mist Cove Release Forms,,22.51,0,0,land otter,,,
403,0,MistCove,21:00,21:00:00,0:00:00,05/14/15,42138,134,0,5/15/2015,2015,coho,224,"intermittent, safe enough",Herring,0,T,trickle,Mist Cove,Mist Cove Release Forms,,63.16,0,0,land otter,,,
404,0,MistCove,21:00,21:00:00,10:30:00,05/15/15,42139,135,0,5/15/2015,2015,coho,80684,"intermittent, safe enough",Herring,0,T,trickle,Mist Cove,Mist Cove Release Forms,,22.2,0,0,land otter,,,
405,0,MistCove,21:00,20:00:00,0:00:00,05/17/15,42141,137,0,5/18/2015,2015,coho,421962,"intermittent, safe enough",Herring,0,T,trickle,Mist Cove,Mist Cove Release Forms,,22.95,0,0,land otter,,,
406,0,MistCove,21:00,20:00:00,0:00:00,05/17/15,42141,137,0,5/18/2015,2015,coho,289,"intermittent, safe enough",Herring,0,T,trickle,Mist Cove,Mist Cove Release Forms,,63.16,0,0,land otter,,,
407,0,MistCove,21:00,20:00:00,23:00:00,05/18/15,42142,138,0,5/18/2015,2015,coho,228441,"intermittent, safe enough",Herring,0,T,trickle,Mist Cove,Mist Cove Release Forms,,23.57,0,0,land otter,,,
408,0,MistCove,21:00,20:00:00,23:00:00,05/18/15,42142,138,0,5/18/2015,2015,coho,122,"intermittent, safe enough",Herring,0,T,trickle,Mist Cove,Mist Cove Release Forms,,63.16,0,0,land otter,,,
409,0,MistCove,21:00,21:00:00,22:30:00,05/19/15,42143,139,0,5/19/2015,2015,coho,100219,"intermittent, safe enough",Herring,0,T,trickle,Mist Cove,Mist Cove Release Forms,,24.35,0,0,land otter,,,
410,0,MistCove,21:00,21:00:00,22:30:00,05/19/15,42143,139,0,5/19/2015,2015,coho,392,"intermittent, safe enough",Herring,0,T,trickle,Mist Cove,Mist Cove Release Forms,,63.16,0,0,land otter,,,
411,0,MistCove,21:00,21:00:00,23:00:00,05/21/15,42145,141,0,5/21/2015,2015,coho,105467,"intermittent, safe enough",Herring,0,T,trickle,Mist Cove,Mist Cove Release Forms,,24.12,0,0,land otter,,,
412,0,MistCove,21:00,21:00:00,23:00:00,05/21/15,42145,141,0,5/21/2015,2015,coho,257,"intermittent, safe enough",Herring,0,T,trickle,Mist Cove,Mist Cove Release Forms,,63.16,0,0,land otter,,,
413,0,MistCove,21:00,21:00:00,23:00:00,05/22/15,42146,142,0,5/22/2015,2015,coho,92838,"intermittent, safe enough",Herring,0,T,trickle,Mist Cove,Mist Cove Release Forms,,24.54,0,0,"rockfish, birds, pollock",,,
414,0,MistCove,20:00,21:00:00,12:00:00,05/22/15,42146,142,0,5/23/2015,2015,coho,332454,"intermittent, safe enough",Herring,0,T,trickle,Mist Cove,Mist Cove Release Forms,,24.57,0,0,"rockfish, birds, pollock",,,
415,0,MistCove,20:00,21:00:00,12:00:00,05/24/15,42148,144,0,5/25/2015,2015,coho,362,"intermittent, safe enough",Herring,0,T,trickle,Mist Cove,Mist Cove Release Forms,,63.16,0,0,"rockfish, birds, pollock",,,
416,0,MistCove,21:00,21:00:00,22:30:00,05/27/15,42151,147,0,5/27/2015,2015,coho,58087,"intermittent, safe enough",Herring,0,T,trickle,Mist Cove,Mist Cove Release Forms,,23.38,0,0,"rockfish, birds, pollock",,,
417,0,MistCove,21:00,21:00:00,23:00:00,05/29/15,42153,149,0,5/29/2015,2015,coho,95178,"intermittent, safe enough",Herring,0,T,trickle,Mist Cove,Mist Cove Release Forms,,24.45,0,0,"rockfish, birds",,,
418,0,MistCove,23:00,23:00:00,1:00:00,05/30/15,42154,150,0,5/31/2015,2015,coho,57215,early evening whale left and pushed back release time,Herring,0,T,trickle,Mist Cove,Mist Cove Release Forms,,26.5,0,0,"rockfish, birds",,,
419,0,MistCove,23:00,23:00:00,1:00:00,05/30/15,42154,150,0,5/31/2015,2015,coho,55,early evening whale left and pushed back release time,Herring,0,T,trickle,Mist Cove,Mist Cove Release Forms,,63.16,0,0,"rockfish, birds",,,
420,0,MistCove,23:00,23:00:00,1:00:00,05/31/15,42155,151,0,6/1/2015,2015,coho,387513,whale took off crusing,Herring,0,T,trickle,Mist Cove,Mist Cove Release Forms,,28.19,0,0,"rockfish, birds, pollock",,,
421,0,MistCove,21:00,21:00:00,23:00:00,06/01/15,42156,152,0,6/1/2015,2015,coho,48305,whale took off crusing,Herring,0,T,trickle,Mist Cove,Mist Cove Release Forms,,28.06,0,0,"rockfish, birds, pollock",,,
422,0,MistCove,21:00,21:00:00,23:00:00,06/01/15,42156,152,0,6/1/2015,2015,coho,94,whale took off crusing,Herring,0,T,trickle,Mist Cove,Mist Cove Release Forms,,63.16,0,0,"rockfish, birds, pollock",,,
423,0,MistCove,21:00,21:00:00,23:00:00,06/02/15,42157,153,0,6/2/2015,2015,coho,171035,whale took off crusing,Herring,0,T,trickle,Mist Cove,Mist Cove Release Forms,,29.85,0,0,"rockfish, birds, pollock",,,
424,0,MistCove,21:00,21:00:00,22:00:00,06/04/15,42159,155,0,6/4/2015,2015,coho,30574,previous day's whale is gone,Herring,0,T,trickle,Mist Cove,Mist Cove Release Forms,,29.94,0,0,"rockfish, birds, pollock",,,
425,0,MistCove,21:00,21:00:00,22:00:00,06/05/15,42160,156,0,6/5/2015,2015,coho,18007,previous day's whale is gone,Herring,0,T,trickle,Mist Cove,Mist Cove Release Forms,,31.62,0,0,B + R (?or K),,,
426,0,MistCove,21:00,21:00:00,22:00:00,06/07/15,42162,158,0,6/7/2015,2015,coho,3189,few fish,Herring,0,T,trickle,Mist Cove,Mist Cove Release Forms,,34.09,0,0,B + R (?or K),,,
427,0,MistCove,21:00,21:00:00,22:00:00,06/09/15,42164,160,0,6/9/2015,2015,coho,9342,few fish,Herring,0,T,trickle,Mist Cove,Mist Cove Release Forms,,,0,0,B + R (?or K),,,
428,0,MistCove,21:00,21:00:00,22:00:00,06/11/15,42166,162,0,6/11/2015,2015,coho,8361,few fish,Herring,0,T,trickle,Mist Cove,Mist Cove Release Forms,,34.09,0,0,B + R (?or K),,,
429,0,MistCove,21:00,21:00:00,22:00:00,06/13/15,42168,164,0,6/13/2015,2015,coho,1950,few fish,Herring,0,T,trickle,Mist Cove,Mist Cove Release Forms,,34.09,0,0,B + R (?or K),,,
430,0,MistCove,21:00,21:00:00,22:00:00,06/16/15,42171,167,0,6/16/2015,2015,coho,1154,few fish,Herring,0,T,trickle,Mist Cove,Mist Cove Release Forms,,34.09,0,0,B + R (?or K),,,
431,0,MistCove,13:00,13:00:00,13:15:00,06/20/15,42175,171,0,6/20/2015,2015,coho,39,few fish,Herring,0,T,trickle,Mist Cove,Mist Cove Release Forms,,34.09,0,0,B + R (?or K),,,
432,0,LittlePortWalter,19:00,19:00:00,19:45:00,05/16/15,42140,136,0,5/15/2015,2015,chinook,,,,0,M,mass,Little Port Walter,Little Port Walter Release Forms,,,0,0,,,,
433,0,LittlePortWalter,10:00,10:00:00,10:45:00,06/01/15,42156,152,0,6/1/2015,2015,chinook,22000,"have heard of sighting in Chatham, outside of LPW view did not affect strategy",,0,M,mass,Little Port Walter,Little Port Walter Release Forms,,200000,0,0,,,,
434,0,PortArmstrong,13:00,13:00:00,13:00:00,05/18/15,42142,138,0,5/18/2015,2015,coho,200893,,,0,M,mass,Port Armstrong,Port Armstrong Release Forms,,23.8,0,0,"ducks, gulls",,,
435,0,PortArmstrong,17:00,17:00:00,17:00:00,05/19/15,42143,139,0,5/19/2015,2015,coho,189347,,,0,M,mass,Port Armstrong,Port Armstrong Release Forms,,27,0,0,"ducks, gulls",,,
436,0,PortArmstrong,15:00,15:00:00,15:30:00,05/21/15,42145,141,0,5/21/2015,2015,coho,587987,,Herring,0,M,mass,Port Armstrong,Port Armstrong Release Forms,,247,0,0,"ducks, gulls",,,
437,0,PortArmstrong,20:00,20:00:00,20:00:00,05/08/15,42132,128,0,5/8/2015,2015,chinook,96824,,Herring,0,M,mass,Port Armstrong,Port Armstrong Release Forms,,17.9,0,0,lots of sea ducks and sea gulls,,,
438,0,PortArmstrong,15:00,15:00:00,15:00:00,05/15/15,42139,135,0,5/15/2015,2015,coho,555780,,Herring,0,M,mass,Port Armstrong,Port Armstrong Release Forms,,27.2,0,0,"sea ducks, sea gulls",,,
439,0,PortArmstrong,17:00,17:00:00,17:00:00,05/17/15,42141,137,0,5/17/2015,2015,coho,410897,,Herring,0,M,mass,Port Armstrong,Port Armstrong Release Forms,,24,0,0,"sea ducks, sea gulls",,,
440,0,PortArmstrong,17:00,17:00:00,17:00:00,05/17/15,42141,137,0,5/17/2015,2015,chinook,410897,,Herring,0,M,mass,Port Armstrong,Port Armstrong Release Forms,,24,0,0,"sea ducks, sea gulls",,,
441,0,PortArmstrong,14:00,14:00:00,15:00:00,04/06/15,42100,96,0,4/6/2015,2015,chum,6503512,,Herring,0,M,mass,Port Armstrong,Port Armstrong Release Forms,,2.8,0,0,,,,
442,0,PortArmstrong,14:00,14:00:00,15:00:00,04/09/15,42103,99,0,4/9/2015,2015,chum,6696032,,Herring,0,M,mass,Port Armstrong,Port Armstrong Release Forms,,2.7,0,0,,,,
443,0,PortArmstrong,17:00,17:00:00,17:00:00,04/11/15,42105,101,0,4/11/2015,2015,chum,9617514,,Herring,0,M,mass,Port Armstrong,Port Armstrong Release Forms,,3.5,0,0,seagulls,,,
444,0,PortArmstrong,7:00,7:00:00,10:00:00,04/20/15,42114,110,0,4/20/2015,2015,pink,20762573,,,0,M,mass,towed out of bay,Port Armstrong Release Forms,2 skiffs pushing pens out of the bay.  Have not seen any whales since January,0.5,0,0,,,,
445,0,PortArmstrong,7:00,7:00:00,10:00:00,04/21/15,42115,111,0,4/21/2015,2015,pink,23906459,no whales seen,herring,0,M,mass,Port Armstrong,Port Armstrong Release Forms,2 skiffs pushing pens out of the bay.  Have not seen any whales since January,0.62,0,0,,,,
446,0,PortArmstrong,4:30,4:30:00,10:00:00,05/06/15,42130,126,0,5/6/2015,2015,pink,42995846,1 small whale has been seen in front of port armstrong a couple of times,herring,0,M,mass,towed out of Bay,Port Armstrong Release Forms,2 skiffs pushing pens out of the bay.  Have not seen any whales since January,0.97,0,0,,,,
447,,HiddenFalls,,,,04/16/15,42110,106,,,2015,Chinook,322393,,,,,,,,,63.16,,,,,,
448,,HiddenFalls,,,,05/14/15,42138,134,,,2015,Chinook,414554,,,,,,,,,66.01,,,,,,
449,,HiddenFalls,,,,05/15/15,42139,135,,,2015,coho,118066,,,,,,,,,20.6,,,,,,
550,,HiddenFalls,,,,05/19/15,42143,139,,,2015,coho,695849,,,,,,,,,22.45,,,,,,
551,,HiddenFalls,,,,05/03/15,42127,123,,,2015,coho,833546,,,,,,,,,24.22,,,,,,
552,,HiddenFalls,,,,05/15/15,42139,135,,,2015,coho,806438,,,,,,,,,24.98,,,,,,
553,,HiddenFalls,,,,05/28/15,42152,148,,,2015,coho,781699,,,,,,,,,23.12,,,,,,
